,Top 25,Top 50,Top 100,Top 200
precision,"(0.016, 0.019595917942265423)","(0.012, 0.016)","(0.006, 0.008)","(0.006, 0.004898979485566356)"
recall,"(0.042222222222222223, 0.051830683509736006)","(0.06444444444444444, 0.08788319970348972)","(0.06444444444444444, 0.08788319970348972)","(0.1311111111111111, 0.10940918777858819)"
f1,"(0.02319327731092437, 0.028410818970239247)","(0.020225988700564974, 0.027063031489499487)","(0.01097581317764804, 0.014662360840396942)","(0.011474139895192526, 0.009377915147138826)"
ndcg,"(0.026046590690024556, 0.03209918907785077)","(0.03562681445229235, 0.04747766206377147)","(0.03562681445229235, 0.04747766206377147)","(0.05539306282279175, 0.0517535481533121)"
