,Top 50,Top 100,Top 200,Top N
precision,"(0.004, 0.008)","(0.004, 0.008)","(0.002, 0.004)","(0.0025, 0.005)"
recall,"(0.007142857142857143, 0.014285714285714285)","(0.014285714285714285, 0.02857142857142857)","(0.014285714285714285, 0.02857142857142857)","(0.014285714285714285, 0.02857142857142857)"
f1,"(0.005128205128205128, 0.010256410256410256)","(0.00625, 0.012500000000000002)","(0.003508771929824562, 0.007017543859649124)","(0.00425531914893617, 0.00851063829787234)"
ndcg,"(0.0046248717764496485, 0.009249743552899297)","(0.0077876551052152715, 0.015575310210430543)","(0.0077876551052152715, 0.015575310210430543)","(0.0077876551052152715, 0.015575310210430543)"
