,Top 25,Top 50,Top 100,Top 200
precision,"(0.0, 0.0)","(0.0, 0.0)","(0.004, 0.004898979485566356)","(0.002, 0.002449489742783178)"
recall,"(0.0, 0.0)","(0.0, 0.0)","(0.02583333333333333, 0.03166666666666666)","(0.02583333333333333, 0.03166666666666666)"
f1,"(0.0, 0.0)","(0.0, 0.0)","(0.006926536731634183, 0.008483372819445265)","(0.0037123169681309216, 0.004546661564117058)"
ndcg,"(0.0, 0.0)","(0.0, 0.0)","(0.011351256215436315, 0.013904173326105076)","(0.011351256215436315, 0.013904173326105076)"
