,Top 25,Top 50,Top 100,Top 200
precision,"(0.0, 0.0)","(0.012, 0.016)","(0.006, 0.008)","(0.008, 0.006782329983125268)"
recall,"(0.0, 0.0)","(0.0375, 0.05)","(0.0375, 0.05)","(0.09861111111111112, 0.08543642499572056)"
f1,"(0.0, 0.0)","(0.01818181818181818, 0.024242424242424242)","(0.010344827586206898, 0.013793103448275864)","(0.014797825348284064, 0.01256742890784594)"
ndcg,"(0.0, 0.0)","(0.015004053121857796, 0.01993887317796838)","(0.015004053121857796, 0.01993887317796838)","(0.03368330748890502, 0.029793115721749548)"
