,Top 25,Top 50,Top 100,Top 200
precision,"(0.016, 0.019595917942265423)","(0.008, 0.009797958971132711)","(0.016, 0.013564659966250536)","(0.012, 0.009273618495495704)"
recall,"(0.015692307692307693, 0.019225229971462535)","(0.015692307692307693, 0.019225229971462535)","(0.06315719063545151, 0.0519502348743699)","(0.09554515050167224, 0.07208133768538197)"
f1,"(0.01584313725490196, 0.019405386157417555)","(0.010596491228070177, 0.01297847259889652)","(0.025525048393341077, 0.02151254131805229)","(0.021318024083848124, 0.01643065430903169)"
ndcg,"(0.011022328757603828, 0.01352827809975094)","(0.010744447664138434, 0.013187220162382723)","(0.0340385218296359, 0.029349033495126173)","(0.04804861207152314, 0.03788518537249327)"
