,Top 25,Top 50,Top 100,Top 200
precision,"(0.04, 0.025298221281347035)","(0.036000000000000004, 0.014966629547095765)","(0.028000000000000004, 0.0116619037896906)","(0.019, 0.0066332495807108)"
recall,"(0.0439064558629776, 0.02878335604224913)","(0.07987483530961792, 0.03506412555835214)","(0.12381422924901186, 0.05393084738424635)","(0.16772068511198945, 0.06186973803350607)"
f1,"(0.04185120856853379, 0.02692089472570457)","(0.04962153934756674, 0.020989939990094904)","(0.04566302511253563, 0.01917057648728822)","(0.03412948502634601, 0.01197919558301064)"
ndcg,"(0.051907757517194696, 0.03154480573635981)","(0.07178115572895326, 0.00967875780697611)","(0.09281493707619284, 0.02225744686133082)","(0.11095945792148929, 0.03213683509321961)"
