,Top 25,Top 50,Top 100,Top 200
precision,"(0.016, 0.032)","(0.008, 0.016)","(0.008, 0.0116619037896906)","(0.008, 0.005099019513592784)"
recall,"(0.02, 0.04)","(0.02, 0.04)","(0.039090909090909086, 0.058181818181818175)","(0.07632034632034632, 0.05055076059702602)"
f1,"(0.017777777777777778, 0.035555555555555556)","(0.011428571428571429, 0.022857142857142857)","(0.013278688524590163, 0.019427439956754812)","(0.014479860362213303, 0.009261476222318533)"
ndcg,"(0.021787629298355995, 0.04357525859671199)","(0.021787629298355995, 0.04357525859671199)","(0.0305135226920051, 0.05098467785579906)","(0.0455339804286858, 0.04513556377170495)"
