,Top 25,Top 50,Top 100,Top 200
precision,"(0.016, 0.019595917942265423)","(0.016, 0.014966629547095765)","(0.01, 0.006324555320336759)","(0.008, 0.005999999999999999)"
recall,"(0.03484848484848485, 0.042747684786866316)","(0.07121212121212121, 0.06769184213238993)","(0.08787878787878786, 0.05761561618736831)","(0.13939393939393938, 0.10481957912986653)"
f1,"(0.02192192192192192, 0.026852959646976763)","(0.026123744050766784, 0.02450808817846259)","(0.017953667953667953, 0.011395867703480132)","(0.015130108199946346, 0.011347669232205829)"
ndcg,"(0.0224406842851483, 0.02773138211654877)","(0.037161255660288266, 0.03688672340242967)","(0.043466076704410106, 0.03241979801810931)","(0.05967028673370438, 0.042963578907423694)"
