,Top 25,Top 50,Top 100,Top 200
precision,"(0.05600000000000001, 0.019595917942265426)","(0.052000000000000005, 0.02993325909419153)","(0.030000000000000006, 0.021908902300206645)","(0.019, 0.009695359714832659)"
recall,"(0.05334228734228734, 0.019463095545848342)","(0.10013431013431014, 0.06046435031378459)","(0.11613431013431015, 0.08874480116925239)","(0.14661864061864063, 0.07889297008001016)"
f1,"(0.05461805970574006, 0.019499907370031357)","(0.06843191895823475, 0.04004412640100054)","(0.047672231596050496, 0.03514672983741643)","(0.033636669090109914, 0.017270262993916773)"
ndcg,"(0.08099487461859566, 0.02501722270516331)","(0.10397963585651693, 0.027949050439164333)","(0.11193404794463198, 0.03750528380798622)","(0.1249662578587728, 0.027642921479807826)"
