,Top 25,Top 50,Top 100,Top 200
precision,"(0.0, 0.0)","(0.004, 0.008)","(0.004, 0.004898979485566357)","(0.002, 0.0024494897427831783)"
recall,"(0.0, 0.0)","(0.0125, 0.025000000000000005)","(0.02583333333333333, 0.03166666666666666)","(0.02583333333333333, 0.03166666666666666)"
f1,"(0.0, 0.0)","(0.006060606060606061, 0.01212121212121212)","(0.006926536731634183, 0.008483372819445265)","(0.0037123169681309216, 0.004546661564117057)"
ndcg,"(0.0, 0.0)","(0.006049934982428013, 0.012099869964856026)","(0.011024097761300198, 0.013608427968024611)","(0.011024097761300198, 0.013608427968024611)"
