,Top 25,Top 50,Top 100,Top 200
precision,"(0.016, 0.032)","(0.008, 0.016)","(0.008, 0.0116619037896906)","(0.005, 0.007745966692414835)"
recall,"(0.025, 0.05)","(0.025, 0.05)","(0.04926470588235295, 0.07277554724505073)","(0.061764705882352944, 0.09683575078326075)"
f1,"(0.019512195121951216, 0.03902439024390243)","(0.012121212121212121, 0.024242424242424242)","(0.013763631005010315, 0.020101761977044812)","(0.009250725379757638, 0.014344392917820725)"
ndcg,"(0.01446776342289521, 0.028935526845790416)","(0.01446776342289521, 0.028935526845790416)","(0.024593770791378217, 0.03757080871866871)","(0.029110839692382918, 0.04633818538018884)"
