,Top 25,Top 50,Top 100,Top 200
precision,"(0.0, 0.0)","(0.0, 0.0)","(0.002, 0.004)","(0.004, 0.0037416573867739412)"
recall,"(0.0, 0.0)","(0.0, 0.0)","(0.01818181818181818, 0.03636363636363636)","(0.07454545454545454, 0.06861077186950257)"
f1,"(0.0, 0.0)","(0.0, 0.0)","(0.0036036036036036037, 0.007207207207207207)","(0.007591965696231098, 0.0070956245678449265)"
ndcg,"(0.0, 0.0)","(0.0, 0.0)","(0.0064042546261426515, 0.012808509252285303)","(0.02425602446334365, 0.02282075393682196)"
