,Top 25,Top 50,Top 100,Top 200
precision,"(0.032, 0.02993325909419153)","(0.028000000000000004, 0.023999999999999997)","(0.033999999999999996, 0.014966629547095765)","(0.025, 0.006324555320336759)"
recall,"(0.005309590590897306, 0.004937600327203732)","(0.009303391708110401, 0.007945938068914018)","(0.022642680125823357, 0.009701398405754267)","(0.03331787254783973, 0.0077412641681233385)"
f1,"(0.009107352059278404, 0.008476296046718998)","(0.013964726789421022, 0.011936848753643039)","(0.027179363433112197, 0.011774559290707105)","(0.028561502925181354, 0.0069746722514429605)"
ndcg,"(0.04198050995051558, 0.04470570960580735)","(0.03534435397946039, 0.03433604539377312)","(0.03722987334674782, 0.017582575316432984)","(0.03482204914238905, 0.01381527687405287)"
