,Top 50,Top 100,Top 200,Top N
precision,"(0.036, 0.019595917942265423)","(0.028000000000000004, 0.0116619037896906)","(0.019, 0.005830951894845302)","(0.05, 0.02721655269759087)"
recall,"(0.265, 0.13583453319448358)","(0.40071428571428563, 0.149972786647091)","(0.5478571428571428, 0.11857142857142858)","(0.265, 0.13583453319448358)"
f1,"(0.06329208601440907, 0.034274616837828606)","(0.05230381249072837, 0.021671664570482432)","(0.03670622943687631, 0.01116184030964846)","(0.08396328572165215, 0.04538674702524145)"
ndcg,"(0.1472996453811926, 0.05866363103856459)","(0.18987787548523977, 0.07375582665400642)","(0.22793020775751555, 0.07391657884129224)","(0.1472996453811926, 0.05866363103856459)"
