,Top 25,Top 50,Top 100,Top 200
precision,"(0.032, 0.016)","(0.032, 0.016)","(0.019999999999999997, 0.010954451150103323)","(0.017, 0.005099019513592785)"
recall,"(0.025012218963831868, 0.012521388776008542)","(0.049835043988269795, 0.024243857649558994)","(0.06214565004887586, 0.032874534625032245)","(0.10610948191593353, 0.030965881216422974)"
f1,"(0.028074496586293317, 0.014042650351058082)","(0.03896852087664116, 0.01926810165263191)","(0.030258157538189678, 0.01643194635972117)","(0.029303201361807252, 0.008751479068590686)"
ndcg,"(0.028551693934371576, 0.016884215470473227)","(0.040053225990040374, 0.016354963678608968)","(0.04683727151850101, 0.02316079455755592)","(0.06723480706552262, 0.02070137754406681)"
