,Top 50,Top 100,Top 200,Top N
precision,"(0.024, 0.014966629547095765)","(0.022, 0.016)","(0.019999999999999997, 0.013038404810405298)","(0.012820512820512822, 0.003248363034470479)"
recall,"(0.008936276599945217, 0.005535318445666075)","(0.016456604569189594, 0.012043880407288082)","(0.029837817038219288, 0.019510246398054154)","(0.06712097895099409, 0.017416403501042444)"
f1,"(0.013022419422394535, 0.008080556770930275)","(0.018827309791324597, 0.013742209997746828)","(0.023946128679066363, 0.015629543039394567)","(0.021527859784214586, 0.005474263889181903)"
ndcg,"(0.02280406565757815, 0.01646588864267458)","(0.021618344147719896, 0.015326812296516324)","(0.026456942511911562, 0.017179106657789)","(0.048309525151011355, 0.013643423239826815)"
