,Top 50,Top 100,Top 200,Top N
precision,"(0.012, 0.009797958971132711)","(0.008, 0.0074833147735478825)","(0.004, 0.0037416573867739412)","(0.01818181818181818, 0.022268088570756166)"
recall,"(0.13999999999999999, 0.11575836902790225)","(0.19, 0.1854723699099141)","(0.19, 0.1854723699099141)","(0.1, 0.12247448713915891)"
f1,"(0.022087542087542086, 0.018036078826661674)","(0.015347985347985349, 0.014381383425865944)","(0.007833572453371592, 0.007334051313253211)","(0.03076923076923077, 0.03768445758127967)"
ndcg,"(0.07336159022332026, 0.07306300520374105)","(0.08511320069896297, 0.09356262472322795)","(0.08511320069896297, 0.09356262472322795)","(0.06013712184623225, 0.07892540406145958)"
