,Top 25,Top 50,Top 100,Top 200
precision,"(0.0, 0.0)","(0.008, 0.009797958971132713)","(0.012, 0.0116619037896906)","(0.008, 0.005099019513592784)"
recall,"(0.0, 0.0)","(0.02426470588235294, 0.029740806494348064)","(0.07426470588235294, 0.0730277001055008)","(0.09779411764705882, 0.0636613553585687)"
f1,"(0.0, 0.0)","(0.012030755314337404, 0.01473530000491885)","(0.020660182729148248, 0.02011187089856634)","(0.014789213176309952, 0.009441016660501024)"
ndcg,"(0.0, 0.0)","(0.01138200087710376, 0.013940867981717084)","(0.032584182851546344, 0.031102658730137702)","(0.04137295215604463, 0.027841458042357176)"
