,Top 25,Top 50,Top 100,Top 200
precision,"(0.016, 0.019595917942265423)","(0.02, 0.021908902300206645)","(0.016, 0.013564659966250536)","(0.009, 0.0058309518948453)"
recall,"(0.015692307692307693, 0.019225229971462535)","(0.039384615384615386, 0.043824286044809424)","(0.06246153846153846, 0.05314800145980653)","(0.07115719063545149, 0.045176098776590394)"
f1,"(0.01584313725490196, 0.019405386157417555)","(0.026526315789473686, 0.029212375474898074)","(0.02547301587301587, 0.021610236183024874)","(0.0159766128285514, 0.010328378140336474)"
ndcg,"(0.022378232438936618, 0.030635610068230443)","(0.035676712492769325, 0.03481604835862136)","(0.0475226497228466, 0.04473554565688544)","(0.05095293732259333, 0.04150064849113097)"
