,Top 25,Top 50,Top 100,Top 200
precision,"(0.032, 0.02993325909419153)","(0.024, 0.019595917942265423)","(0.016, 0.013564659966250536)","(0.009, 0.0066332495807108)"
recall,"(0.04302631578947368, 0.0385227565223869)","(0.06479102167182663, 0.04826418603592997)","(0.08729102167182663, 0.06892993310948922)","(0.09781733746130031, 0.06681973134088393)"
f1,"(0.03662478442966248, 0.03358574723976286)","(0.034970713906469914, 0.027862824510595557)","(0.027010033014089812, 0.022629480848592714)","(0.016472716985310887, 0.012058585894657489)"
ndcg,"(0.0438624231002036, 0.05562187548169142)","(0.05469749623643501, 0.062362762695938864)","(0.06357489314860759, 0.06996016421824329)","(0.0674421956121479, 0.06868662855954373)"
