,Top 25,Top 50,Top 100,Top 200
precision,"(0.08800000000000001, 0.039191835884530846)","(0.07200000000000001, 0.02039607805437114)","(0.054000000000000006, 0.014966629547095767)","(0.044, 0.011135528725660045)"
recall,"(0.018159030266587863, 0.007914225217887852)","(0.02974509649845063, 0.008286051348464872)","(0.04452944264699686, 0.011918909834280246)","(0.07259409837409761, 0.01764003362694728)"
f1,"(0.030104612542023974, 0.013168601717408307)","(0.04209631809320422, 0.011782106894404882)","(0.048806745105124415, 0.013270854850111842)","(0.054787786575154054, 0.013654748059161672)"
ndcg,"(0.10153135247488551, 0.0566636359912078)","(0.08460621090371437, 0.03555449353460494)","(0.06621861609182753, 0.02520412686438159)","(0.07669498404933275, 0.02468310726309015)"
