,Top 25,Top 50,Top 100,Top 200
precision,"(0.0, 0.0)","(0.0, 0.0)","(0.002, 0.004)","(0.001, 0.002)"
recall,"(0.0, 0.0)","(0.0, 0.0)","(0.00909090909090909, 0.01818181818181818)","(0.00909090909090909, 0.01818181818181818)"
f1,"(0.0, 0.0)","(0.0, 0.0)","(0.0032786885245901635, 0.006557377049180327)","(0.0018018018018018018, 0.0036036036036036037)"
ndcg,"(0.0, 0.0)","(0.0, 0.0)","(0.004404493017450444, 0.008808986034900887)","(0.004404493017450444, 0.008808986034900887)"
