,Top 25,Top 50,Top 100,Top 200
precision,"(0.032, 0.02993325909419153)","(0.02, 0.01788854381999832)","(0.012, 0.0074833147735478825)","(0.009999999999999998, 0.004472135954999579)"
recall,"(0.055959595959595966, 0.05190622013010659)","(0.07414141414141415, 0.07271492600022392)","(0.08842712842712844, 0.06313050669449886)","(0.14216450216450216, 0.08229286298654474)"
f1,"(0.04041343669250646, 0.037639133776290176)","(0.03130479934722943, 0.028467529633935937)","(0.021062331384636777, 0.013306972062620506)","(0.018642345174774377, 0.008460558214757623)"
ndcg,"(0.04249555422879116, 0.039834261472355796)","(0.04837825105168324, 0.04893858976741307)","(0.05382971155885715, 0.04456899151921056)","(0.07069949474324631, 0.04629432685966465)"
