,Top 25,Top 50,Top 100,Top 200
precision,"(0.008, 0.016)","(0.012, 0.016)","(0.008, 0.0074833147735478825)","(0.007000000000000001, 0.005999999999999999)"
recall,"(0.006060606060606061, 0.012121212121212121)","(0.01818181818181818, 0.024242424242424242)","(0.023737373737373738, 0.022563947377463308)","(0.04090909090909091, 0.034417626338183474)"
f1,"(0.006896551724137929, 0.013793103448275858)","(0.014457831325301203, 0.01927710843373494)","(0.01196373286156568, 0.011236143645814625)","(0.011951698552411436, 0.010213603703359284)"
ndcg,"(0.010592448955554199, 0.021184897911108398)","(0.014062843577741197, 0.02101709675026022)","(0.016608330560657587, 0.019900824133455546)","(0.02375561912317304, 0.02110036706072542)"
