,Top 25,Top 50,Top 100,Top 200
precision,"(0.024, 0.032)","(0.012, 0.016)","(0.016, 0.01624807680927192)","(0.011, 0.0058309518948453)"
recall,"(0.011468738438771735, 0.015171038261326587)","(0.011468738438771735, 0.015171038261326587)","(0.03117369589345172, 0.03140222470929442)","(0.04310808503372321, 0.022602360568817672)"
f1,"(0.015519568151147096, 0.02058195608453049)","(0.011727386330866094, 0.015573143058546983)","(0.02114186644767089, 0.0214125521480255)","(0.017524318532906903, 0.0092670814824474)"
ndcg,"(0.025489056265514825, 0.03284603212317487)","(0.01607034621451294, 0.020708774090886194)","(0.027485601313754975, 0.029186805912669058)","(0.03369168750959105, 0.024175495924454317)"
