,Top 25,Top 50,Top 100,Top 200
precision,"(0.008, 0.016)","(0.016, 0.014966629547095765)","(0.013999999999999999, 0.004898979485566357)","(0.01, 0.004472135954999579)"
recall,"(0.016666666666666666, 0.03333333333333333)","(0.06666666666666667, 0.06236095644623236)","(0.11538461538461538, 0.041936992907169554)","(0.16538461538461538, 0.07599871966809708)"
f1,"(0.010810810810810811, 0.021621621621621623)","(0.025806451612903226, 0.024139725075960912)","(0.024968394437420986, 0.008774173233307212)","(0.018859066347772166, 0.008447908886362421)"
ndcg,"(0.00880641088782036, 0.01761282177564072)","(0.032012238406937156, 0.029058308709888517)","(0.051111558182561925, 0.020666920922706524)","(0.0678623621522922, 0.030638572173678304)"
