,Top 25,Top 50,Top 100,Top 200
precision,"(0.016, 0.032)","(0.008, 0.016)","(0.01, 0.006324555320336759)","(0.008, 0.005999999999999999)"
recall,"(0.013333333333333332, 0.026666666666666665)","(0.013333333333333332, 0.026666666666666665)","(0.032903225806451615, 0.021088431263881744)","(0.05290322580645161, 0.0402179287109902)"
f1,"(0.014545454545454545, 0.02909090909090909)","(0.01, 0.02)","(0.015337639459776864, 0.009730255203194281)","(0.013897986071899116, 0.0104423248819888)"
ndcg,"(0.010747724452636049, 0.021495448905272097)","(0.009335813594260311, 0.018671627188520622)","(0.019615445087958896, 0.015090877435232934)","(0.02877712213386534, 0.02259481495816705)"
