,Top 25,Top 50,Top 100,Top 200
precision,"(0.04, 0.03577708763999664)","(0.048, 0.020396078054371138)","(0.042, 0.007483314773547883)","(0.041, 0.0066332495807108005)"
recall,"(0.010247887033601319, 0.009177981659593654)","(0.024577406720263865, 0.010298520045872592)","(0.04313672438672438, 0.007729708193780688)","(0.08427386105957535, 0.014121547460071953)"
f1,"(0.016315215671484896, 0.014607298386127683)","(0.0325079699539569, 0.013684717992306611)","(0.04255901233647106, 0.0075981022590858)","(0.055160893649367534, 0.009023652613861502)"
ndcg,"(0.04178894588786718, 0.03533526418036425)","(0.04708379238674224, 0.02383865823219728)","(0.042896643107514634, 0.009043979165548416)","(0.06893227890677919, 0.011270594960711306)"
