,Top 25,Top 50,Top 100,Top 200
precision,"(0.048, 0.016)","(0.044, 0.014966629547095765)","(0.03, 0.010954451150103323)","(0.018, 0.006782329983125268)"
recall,"(0.11090909090909092, 0.035628941713209863)","(0.20363636363636362, 0.06744449814905966)","(0.27999999999999997, 0.10701046523317936)","(0.3345454545454546, 0.12628185712134793)"
f1,"(0.066984126984127, 0.022072054978753898)","(0.07234972677595627, 0.024480874316939894)","(0.054185094185094186, 0.019858741674770013)","(0.03415933197923719, 0.012868343874290943)"
ndcg,"(0.06543205141419446, 0.020307007537256273)","(0.10534335359118825, 0.028649265086003895)","(0.1329874637067934, 0.03672739309745811)","(0.1508258735516565, 0.046891514706503115)"
