,Top 25,Top 50,Top 100,Top 200
precision,"(0.04, 0.025298221281347035)","(0.048, 0.00979795897113271)","(0.032, 0.0074833147735478825)","(0.020999999999999998, 0.003741657386773942)"
recall,"(0.09272727272727273, 0.05761083461001767)","(0.22181818181818183, 0.04209395237378263)","(0.29818181818181816, 0.07679531666161046)","(0.38909090909090904, 0.06764027359177556)"
f1,"(0.05587301587301587, 0.03514215453621499)","(0.0789071038251366, 0.015888771012359564)","(0.057788697788697774, 0.013625338330401327)","(0.03984653577070639, 0.0070839003205361035)"
ndcg,"(0.05622641182861232, 0.03876245978123708)","(0.11459517695035919, 0.027526203454918772)","(0.14133063273672827, 0.023818416982079465)","(0.17009977496364656, 0.03041773178907326)"
