,Top 25,Top 50,Top 100,Top 200
precision,"(0.064, 0.054258639865002144)","(0.04, 0.021908902300206645)","(0.032, 0.0116619037896906)","(0.02, 0.005477225575051661)"
recall,"(0.04944403714565005, 0.040968791802460075)","(0.06194403714565004, 0.03267018477315469)","(0.10025048875855327, 0.037570484439960194)","(0.12545210166177906, 0.036511182998412814)"
f1,"(0.05578169561835623, 0.04668668520045784)","(0.04860562394111223, 0.026234551588746165)","(0.04850937197261022, 0.017788204644905003)","(0.034497942489654786, 0.009525647494485742)"
ndcg,"(0.05963228812237502, 0.04749110298699562)","(0.05800931373680331, 0.031911751076230115)","(0.07835713286989252, 0.030388594940355673)","(0.08983728743140393, 0.02714117062722545)"
