,Top 50,Top 100,Top 200,Top N
precision,"(0.004, 0.008)","(0.002, 0.004)","(0.002, 0.004)","(0.0024691358024691358, 0.0049382716049382715)"
recall,"(0.015384615384615385, 0.03076923076923077)","(0.015384615384615385, 0.03076923076923077)","(0.03076923076923077, 0.06153846153846154)","(0.015384615384615385, 0.03076923076923077)"
f1,"(0.00634920634920635, 0.0126984126984127)","(0.0035398230088495583, 0.0070796460176991175)","(0.003755868544600939, 0.007511737089201879)","(0.00425531914893617, 0.00851063829787234)"
ndcg,"(0.020665899260362906, 0.04133179852072581)","(0.020665899260362906, 0.04133179852072581)","(0.025156149884609978, 0.050312299769219956)","(0.020665899260362906, 0.04133179852072581)"
