,Top 25,Top 50,Top 100,Top 200
precision,"(0.024, 0.032)","(0.032, 0.027129319932501072)","(0.024, 0.01854723699099141)","(0.018000000000000002, 0.01077032961426901)"
recall,"(0.010344827586206896, 0.013793103448275862)","(0.027297876485486074, 0.02334961373909917)","(0.04091564387297877, 0.03183060184000876)","(0.06167000640115777, 0.03697908550112555)"
f1,"(0.014457831325301207, 0.01927710843373494)","(0.029460970561887994, 0.02509639851733062)","(0.030252766499482532, 0.023436702257904736)","(0.027865306767923047, 0.016682011196473938)"
ndcg,"(0.02066872209652613, 0.025446297582790683)","(0.027862121735281308, 0.021081496162419854)","(0.03366950529725759, 0.022840586127914807)","(0.04560929228579367, 0.026786528039012835)"
