,Top 25,Top 50,Top 100,Top 200
precision,"(0.0, 0.0)","(0.004, 0.008)","(0.002, 0.004)","(0.002, 0.002449489742783178)"
recall,"(0.0, 0.0)","(0.007142857142857143, 0.014285714285714285)","(0.007142857142857143, 0.014285714285714285)","(0.013594470046082949, 0.016685591696066055)"
f1,"(0.0, 0.0)","(0.005128205128205128, 0.010256410256410256)","(0.003125, 0.006250000000000001)","(0.0034859876965140126, 0.004269597537659666)"
ndcg,"(0.0, 0.0)","(0.004222863348335043, 0.008445726696670085)","(0.004222863348335043, 0.008445726696670085)","(0.0071247330128688, 0.008972474103534713)"
