,Top 25,Top 50,Top 100,Top 200
precision,"(0.008, 0.016)","(0.016, 0.014966629547095765)","(0.016, 0.014966629547095765)","(0.016, 0.014966629547095765)"
recall,"(0.01818181818181818, 0.03636363636363636)","(0.07303030303030303, 0.0683156934834514)","(0.07303030303030303, 0.0683156934834514)","(0.07303030303030303, 0.0683156934834514)"
f1,"(0.01111111111111111, 0.02222222222222222)","(0.026233033668253126, 0.02453875684198787)","(0.026233033668253126, 0.02453875684198787)","(0.026233033668253126, 0.02453875684198787)"
ndcg,"(0.010368061445733292, 0.020736122891466584)","(0.03306435236864472, 0.03301419160449948)","(0.03306435236864472, 0.03301419160449948)","(0.03306435236864472, 0.03301419160449948)"
