,Top 25,Top 50,Top 100,Top 200
precision,"(0.0, 0.0)","(0.004, 0.008)","(0.004, 0.004898979485566357)","(0.002, 0.0024494897427831783)"
recall,"(0.0, 0.0)","(0.01, 0.02)","(0.02, 0.024494897427831782)","(0.02, 0.024494897427831782)"
f1,"(0.0, 0.0)","(0.005714285714285714, 0.011428571428571429)","(0.006666666666666666, 0.008164965809277261)","(0.0036363636363636364, 0.004453617714151233)"
ndcg,"(0.0, 0.0)","(0.005413186034669655, 0.01082637206933931)","(0.009833141039998293, 0.012145050998775699)","(0.009833141039998293, 0.012145050998775699)"
