,Top 25,Top 50,Top 100,Top 200
precision,"(0.024, 0.019595917942265426)","(0.028000000000000004, 0.020396078054371138)","(0.018000000000000002, 0.017204650534085254)","(0.011, 0.007348469228349535)"
recall,"(0.0291410344041923, 0.02390720841246816)","(0.06780587833219412, 0.05026438380848915)","(0.08685349737981317, 0.08268525404572816)","(0.10503531556163134, 0.07071673274808313)"
f1,"(0.026297199562694475, 0.021492023880736302)","(0.039606722460366055, 0.028989054030921176)","(0.029808991744645286, 0.028476686049268347)","(0.019909948999393, 0.013311706327635247)"
ndcg,"(0.03082648330956434, 0.03103605968447262)","(0.051516584560197864, 0.047499256688761426)","(0.060476392370944584, 0.06408131765725517)","(0.06794220043345751, 0.05936439564595317)"
