,Top 25,Top 50,Top 100,Top 200
precision,"(0.0, 0.0)","(0.004, 0.008)","(0.01, 0.006324555320336759)","(0.008, 0.004)"
recall,"(0.0, 0.0)","(0.01818181818181818, 0.03636363636363636)","(0.0893939393939394, 0.05757575757575758)","(0.14393939393939395, 0.07391703586454829)"
f1,"(0.0, 0.0)","(0.006557377049180327, 0.013114754098360654)","(0.017985842985842986, 0.011395776860303585)","(0.015156934632924973, 0.007589663105020146)"
ndcg,"(0.0, 0.0)","(0.007070115936303148, 0.014140231872606294)","(0.03252070043866369, 0.019460310361278085)","(0.04913211481957707, 0.0235854039340534)"
