,Top 50,Top 100,Top 200,Top N
precision,"(0.006097560975609756, 0.012195121951219513)","(0.00853658536585366, 0.01707317073170732)","(0.015853658536585366, 0.03170731707317073)","(0.04146341463414634, 0.08292682926829267)"
recall,"(0.02, 0.04)","(0.014000000000000002, 0.028000000000000004)","(0.013000000000000001, 0.026000000000000002)","(0.007701019252548132, 0.015402038505096263)"
f1,"(0.009345794392523364, 0.018691588785046728)","(0.010606060606060607, 0.021212121212121213)","(0.014285714285714285, 0.02857142857142857)","(0.012989493791786055, 0.02597898758357211)"
ndcg,"(0.012996437977781416, 0.025992875955562832)","(0.011216884400570112, 0.022433768801140223)","(0.015499345171413131, 0.030998690342826263)","(0.036821639475214794, 0.07364327895042959)"
