,Top 50,Top 100,Top 200,Top N
precision,"(0.004830917874396135, 0.00966183574879227)","(0.005797101449275362, 0.011594202898550725)","(0.008695652173913044, 0.017391304347826087)","(0.03285024154589372, 0.06570048309178744)"
recall,"(0.02, 0.04)","(0.012, 0.024)","(0.009, 0.018)","(0.00633147113594041, 0.01266294227188082)"
f1,"(0.007782101167315177, 0.015564202334630354)","(0.007817589576547232, 0.015635179153094463)","(0.008845208845208844, 0.017690417690417688)","(0.010616705698672912, 0.021233411397345824)"
ndcg,"(0.016539803488527974, 0.03307960697705595)","(0.01156164971332917, 0.02312329942665834)","(0.009247792138978944, 0.01849558427795789)","(0.03221292433288725, 0.0644258486657745)"
