,Top 50,Top 100,Top 200,Top N
precision,"(0.012, 0.009797958971132711)","(0.012, 0.0116619037896906)","(0.007000000000000001, 0.005099019513592785)","(0.011363636363636364, 0.010163945352271771)"
recall,"(0.04262626262626262, 0.0366342344809678)","(0.07818181818181817, 0.06820269040792824)","(0.09246753246753245, 0.05686973954332583)","(0.06707070707070707, 0.05638354523301605)"
f1,"(0.01859357614420295, 0.01521953967911593)","(0.020729616868157767, 0.019856272110399024)","(0.012990410864182515, 0.009349655406766522)","(0.01935456414298693, 0.017130520208415424)"
ndcg,"(0.019826842337294082, 0.016715199617928615)","(0.03411885410018847, 0.03300556503647725)","(0.03847874407743785, 0.029460023519656545)","(0.029514323200145208, 0.026143580719599314)"
