,Top 50,Top 100,Top 200,Top N
precision,"(0.010344827586206896, 0.020689655172413793)","(0.013793103448275862, 0.027586206896551724)","(0.017241379310344827, 0.034482758620689655)","(0.02413793103448276, 0.04827586206896552)"
recall,"(0.012, 0.024)","(0.008, 0.016)","(0.005, 0.01)","(0.0047138047138047135, 0.009427609427609427)"
f1,"(0.011111111111111112, 0.022222222222222223)","(0.010126582278481013, 0.020253164556962026)","(0.007751937984496126, 0.015503875968992251)","(0.007887323943661973, 0.015774647887323946)"
ndcg,"(0.009275277711392551, 0.018550555422785102)","(0.01067433967478269, 0.02134867934956538)","(0.014310103914634994, 0.028620207829269988)","(0.019369318609123345, 0.03873863721824669)"
