,Top 50,Top 100,Top 200,Top N
precision,"(0.012, 0.016)","(0.01, 0.01095445115010332)","(0.011, 0.003741657386773941)","(0.009523809523809523, 0.010432810619146022)"
recall,"(0.031052631578947366, 0.04185451653067588)","(0.05157894736842106, 0.05766941800342002)","(0.11668730650154799, 0.04030555495653501)","(0.05157894736842106, 0.05766941800342002)"
f1,"(0.017308488612836438, 0.023147553484668102)","(0.016750700280112045, 0.018410970121708593)","(0.020100085508834957, 0.006843358955104046)","(0.016077419354838706, 0.017668582674784414)"
ndcg,"(0.01943904610849384, 0.025441819688686838)","(0.028447517505212783, 0.03154362775575516)","(0.05075111243544739, 0.01897428505787617)","(0.028447517505212783, 0.03154362775575516)"
