,Top 50,Top 100,Top 200,Top N
precision,"(0.010526315789473684, 0.021052631578947368)","(0.031578947368421054, 0.06315789473684211)","(0.031578947368421054, 0.06315789473684211)","(0.031578947368421054, 0.06315789473684211)"
recall,"(0.004, 0.008)","(0.006, 0.012)","(0.003, 0.006)","(0.004724409448818898, 0.009448818897637795)"
f1,"(0.005797101449275362, 0.011594202898550725)","(0.010084033613445377, 0.020168067226890754)","(0.00547945205479452, 0.01095890410958904)","(0.00821917808219178, 0.01643835616438356)"
ndcg,"(0.005515255513902744, 0.011030511027805489)","(0.020383606024752143, 0.04076721204950429)","(0.020383606024752143, 0.04076721204950429)","(0.020383606024752143, 0.04076721204950429)"
