,Top 50,Top 100,Top 200,Top N
precision,"(0.0, 0.0)","(0.0, 0.0)","(0.006, 0.0058309518948453)","(0.0018181818181818182, 0.0036363636363636364)"
recall,"(0.0, 0.0)","(0.0, 0.0)","(0.06333333333333332, 0.059793884653660936)","(0.01111111111111111, 0.02222222222222222)"
f1,"(0.0, 0.0)","(0.0, 0.0)","(0.010959132610508758, 0.010621946259064388)","(0.003125, 0.006250000000000001)"
ndcg,"(0.0, 0.0)","(0.0, 0.0)","(0.02268317162525453, 0.021664218042920468)","(0.0039958192441597274, 0.007991638488319455)"
