,Top 50,Top 100,Top 200,Top N
precision,"(0.008, 0.009797958971132711)","(0.004, 0.004898979485566356)","(0.002, 0.002449489742783178)","(0.011764705882352941, 0.014408763192842225)"
recall,"(0.05714285714285714, 0.06998542122237653)","(0.05714285714285714, 0.06998542122237653)","(0.05714285714285714, 0.06998542122237653)","(0.05714285714285714, 0.06998542122237653)"
f1,"(0.014035087719298248, 0.017189401703741603)","(0.007476635514018691, 0.009156971001058608)","(0.003864734299516908, 0.004733313512624499)","(0.01951219512195122, 0.02389746090520174)"
ndcg,"(0.029295642787034965, 0.035885751220155505)","(0.029295642787034965, 0.035885751220155505)","(0.029295642787034965, 0.035885751220155505)","(0.029295642787034965, 0.035885751220155505)"
