,Top 50,Top 100,Top 200,Top N
precision,"(0.02222222222222222, 0.04444444444444444)","(0.02777777777777778, 0.05555555555555556)","(0.03333333333333333, 0.06666666666666667)","(0.03888888888888889, 0.07777777777777778)"
recall,"(0.016, 0.032)","(0.01, 0.02)","(0.006, 0.012)","(0.006334841628959276, 0.012669683257918552)"
f1,"(0.018604651162790697, 0.037209302325581395)","(0.014705882352941176, 0.029411764705882353)","(0.010169491525423728, 0.020338983050847456)","(0.010894941634241245, 0.021789883268482493)"
ndcg,"(0.014038655079384227, 0.028077310158768454)","(0.017727202029284045, 0.03545440405856809)","(0.021368970584623493, 0.042737941169246986)","(0.02528200409099904, 0.05056400818199808)"
