,Top 50,Top 100,Top 200,Top N
precision,"(0.0, 0.0)","(0.004, 0.004898979485566356)","(0.003, 0.0024494897427831783)","(0.0, 0.0)"
recall,"(0.0, 0.0)","(0.08, 0.09797958971132713)","(0.12000000000000002, 0.09797958971132713)","(0.0, 0.0)"
f1,"(0.0, 0.0)","(0.007619047619047618, 0.009331389496316867)","(0.005853658536585366, 0.004779492181040347)","(0.0, 0.0)"
ndcg,"(0.0, 0.0)","(0.022330230986859722, 0.0273506000949931)","(0.032453751816555645, 0.026568344029287823)","(0.0, 0.0)"
