,Top 50,Top 100,Top 200,Top N
precision,"(0.00909090909090909, 0.01818181818181818)","(0.00909090909090909, 0.01818181818181818)","(0.00909090909090909, 0.01818181818181818)","(0.00909090909090909, 0.01818181818181818)"
recall,"(0.004, 0.008)","(0.002, 0.004)","(0.001, 0.002)","(0.0017241379310344827, 0.0034482758620689655)"
f1,"(0.005555555555555555, 0.01111111111111111)","(0.0032786885245901635, 0.006557377049180327)","(0.0018018018018018018, 0.0036036036036036037)","(0.0028985507246376808, 0.0057971014492753615)"
ndcg,"(0.025961614206448692, 0.051923228412897385)","(0.025961614206448692, 0.051923228412897385)","(0.025961614206448692, 0.051923228412897385)","(0.025961614206448692, 0.051923228412897385)"
