,Top 50,Top 100,Top 200,Top N
precision,"(0.001379310344827586, 0.002758620689655172)","(0.006896551724137931, 0.013793103448275862)","(0.011034482758620689, 0.022068965517241378)","(0.028965517241379312, 0.057931034482758624)"
recall,"(0.004, 0.008)","(0.01, 0.02)","(0.008, 0.016)","(0.005426356589147287, 0.010852713178294573)"
f1,"(0.0020512820512820513, 0.0041025641025641026)","(0.008163265306122448, 0.016326530612244896)","(0.00927536231884058, 0.01855072463768116)","(0.009140369967355821, 0.018280739934711642)"
ndcg,"(0.0021846338845701568, 0.0043692677691403135)","(0.00872583531368356, 0.01745167062736712)","(0.010045028568955821, 0.020090057137911642)","(0.02637419270082082, 0.05274838540164164)"
