,Top 50,Top 100,Top 200,Top N
precision,"(0.010526315789473684, 0.021052631578947368)","(0.010526315789473684, 0.021052631578947368)","(0.010526315789473684, 0.021052631578947368)","(0.010526315789473684, 0.021052631578947368)"
recall,"(0.004, 0.008)","(0.002, 0.004)","(0.001, 0.002)","(0.0017094017094017096, 0.0034188034188034192)"
f1,"(0.005797101449275362, 0.011594202898550725)","(0.0033613445378151267, 0.006722689075630253)","(0.0018264840182648403, 0.0036529680365296807)","(0.0029411764705882357, 0.005882352941176471)"
ndcg,"(0.006111595389583965, 0.01222319077916793)","(0.006111595389583965, 0.01222319077916793)","(0.006111595389583965, 0.01222319077916793)","(0.006111595389583965, 0.01222319077916793)"
