,Top 50,Top 100,Top 200,Top N
precision,"(0.0, 0.0)","(0.01, 0.02)","(0.01, 0.02)","(0.01, 0.02)"
recall,"(0.0, 0.0)","(0.002, 0.004)","(0.001, 0.002)","(0.001834862385321101, 0.0036697247706422025)"
f1,"(0.0, 0.0)","(0.003333333333333333, 0.006666666666666666)","(0.0018181818181818182, 0.0036363636363636364)","(0.0031007751937984496, 0.006201550387596899)"
ndcg,"(0.0, 0.0)","(0.01185699867664394, 0.02371399735328788)","(0.01185699867664394, 0.02371399735328788)","(0.01185699867664394, 0.02371399735328788)"
