,Top 50,Top 100,Top 200,Top N
precision,"(0.036, 0.0233238075793812)","(0.044, 0.022449944320643647)","(0.027000000000000003, 0.014696938456699067)","(0.017663817663817666, 0.005597402479882763)"
recall,"(0.013381212469029694, 0.008630031352776586)","(0.032747353322368576, 0.016521806035423244)","(0.04026921226837613, 0.021773391848347923)","(0.09261279375073414, 0.030504386403995772)"
f1,"(0.019509287040938517, 0.01259766700935798)","(0.03754550486671117, 0.019032163813822976)","(0.032322947055884746, 0.01754476681584108)","(0.029667132276279862, 0.009456847217574102)"
ndcg,"(0.03451650139739871, 0.023927291795495874)","(0.04154891533513228, 0.022755681324831974)","(0.037674498203448946, 0.020726726478614045)","(0.06808653732041713, 0.020808237960541553)"
