,Top 50,Top 100,Top 200,Top N
precision,"(0.0, 0.0)","(0.0, 0.0)","(0.003333333333333333, 0.006666666666666666)","(0.016666666666666666, 0.03333333333333333)"
recall,"(0.0, 0.0)","(0.0, 0.0)","(0.001, 0.002)","(0.0024752475247524753, 0.0049504950495049506)"
f1,"(0.0, 0.0)","(0.0, 0.0)","(0.0015384615384615385, 0.003076923076923077)","(0.004310344827586207, 0.008620689655172414)"
ndcg,"(0.0, 0.0)","(0.0, 0.0)","(0.0020382360806527906, 0.004076472161305581)","(0.015275364385763634, 0.03055072877152727)"
