,Top 50,Top 100,Top 200,Top N
precision,"(0.015384615384615385, 0.03076923076923077)","(0.046153846153846156, 0.09230769230769231)","(0.046153846153846156, 0.09230769230769231)","(0.03076923076923077, 0.06153846153846154)"
recall,"(0.004, 0.008)","(0.006, 0.012)","(0.003, 0.006)","(0.005970149253731343, 0.011940298507462687)"
f1,"(0.00634920634920635, 0.0126984126984127)","(0.010619469026548674, 0.02123893805309735)","(0.005633802816901408, 0.011267605633802816)","(0.009999999999999998, 0.019999999999999997)"
ndcg,"(0.009808792127235406, 0.019617584254470813)","(0.05724653842705789, 0.11449307685411578)","(0.05724653842705789, 0.11449307685411578)","(0.019900985441988296, 0.03980197088397659)"
