,Top 50,Top 100,Top 200,Top N
precision,"(0.02, 0.012649110640673518)","(0.012, 0.004)","(0.006, 0.002)","(0.03636363636363636, 0.03401506715249038)"
recall,"(0.24, 0.15937377450509227)","(0.27999999999999997, 0.11224972160321824)","(0.27999999999999997, 0.11224972160321824)","(0.19, 0.1854723699099141)"
f1,"(0.0369023569023569, 0.02342582762567528)","(0.023003663003663005, 0.007729371721926349)","(0.011745576279292205, 0.0039311916086087985)","(0.06096866096866097, 0.057422781480770936)"
ndcg,"(0.11688892728615537, 0.07615325796381064)","(0.12878836740107394, 0.05986551443042537)","(0.12878836740107394, 0.05986551443042537)","(0.10046876803677336, 0.0895558960700439)"
