,Top 50,Top 100,Top 200,Top N
precision,"(0.027999999999999997, 0.016)","(0.016, 0.010198039027185569)","(0.009, 0.0066332495807108)","(0.010256410256410255, 0.006537204504606134)"
recall,"(0.048177810736208956, 0.027968359973550926)","(0.05462942363943476, 0.034052010309143364)","(0.061081036542660574, 0.04324160178580858)","(0.05462942363943476, 0.034052010309143364)"
f1,"(0.03539273587796794, 0.020311158002657603)","(0.024737991406456623, 0.01567231833720586)","(0.015683216217738792, 0.011495959147059262)","(0.01726355895765172, 0.010956409642426635)"
ndcg,"(0.055093365886738355, 0.03594822763015391)","(0.05836825050222281, 0.03968676877772325)","(0.06124181889514322, 0.043518101653439105)","(0.05836825050222281, 0.03968676877772325)"
