,Top 50,Top 100,Top 200,Top N
precision,"(0.004, 0.008)","(0.016, 0.011999999999999999)","(0.022000000000000002, 0.010770329614269008)","(0.02085889570552147, 0.012022035547402101)"
recall,"(0.00625, 0.012500000000000002)","(0.04963343108504399, 0.036751280603198155)","(0.13738391984359727, 0.06672985407083583)","(0.10592008797653958, 0.060043171428744296)"
f1,"(0.004878048780487804, 0.009756097560975608)","(0.02419720362669338, 0.018090939957774093)","(0.03792401915089498, 0.01854088406817639)","(0.034851294998570405, 0.02002859276540949)"
ndcg,"(0.004219736806641795, 0.00843947361328359)","(0.02703326727138931, 0.02080311447807206)","(0.06717078617709456, 0.03387827373907733)","(0.053290836576358226, 0.03119252941014119)"
