,Top 50,Top 100,Top 200,Top N
precision,"(0.0064516129032258064, 0.012903225806451613)","(0.01935483870967742, 0.03870967741935484)","(0.025806451612903226, 0.05161290322580645)","(0.01935483870967742, 0.03870967741935484)"
recall,"(0.004, 0.008)","(0.006, 0.012)","(0.004, 0.008)","(0.0038461538461538464, 0.007692307692307693)"
f1,"(0.0049382716049382715, 0.009876543209876543)","(0.00916030534351145, 0.0183206106870229)","(0.006926406926406926, 0.013852813852813853)","(0.006417112299465242, 0.012834224598930483)"
ndcg,"(0.005029255471153768, 0.010058510942307535)","(0.015042608477838022, 0.030085216955676047)","(0.01983333395925691, 0.03966666791851382)","(0.015042608477838022, 0.030085216955676047)"
