,Top 50,Top 100,Top 200,Top N
precision,"(0.004166666666666667, 0.008333333333333333)","(0.008333333333333333, 0.016666666666666666)","(0.010416666666666668, 0.020833333333333336)","(0.0375, 0.075)"
recall,"(0.008, 0.016)","(0.008, 0.016)","(0.005, 0.01)","(0.007100591715976332, 0.014201183431952664)"
f1,"(0.005479452054794521, 0.010958904109589041)","(0.008163265306122448, 0.016326530612244896)","(0.006756756756756757, 0.013513513513513514)","(0.011940298507462687, 0.023880597014925373)"
ndcg,"(0.005913104840064893, 0.011826209680129787)","(0.009788117365289317, 0.019576234730578634)","(0.01135162693465416, 0.02270325386930832)","(0.034329825386796485, 0.06865965077359297)"
