,Top 50,Top 100,Top 200,Top N
precision,"(0.0, 0.0)","(0.0, 0.0)","(0.01111111111111111, 0.02222222222222222)","(0.0, 0.0)"
recall,"(0.0, 0.0)","(0.0, 0.0)","(0.001, 0.002)","(0.0, 0.0)"
f1,"(0.0, 0.0)","(0.0, 0.0)","(0.001834862385321101, 0.0036697247706422025)","(0.0, 0.0)"
ndcg,"(0.0, 0.0)","(0.0, 0.0)","(0.008042933717837984, 0.016085867435675968)","(0.0, 0.0)"
