,Top 50,Top 100,Top 200,Top N
precision,"(0.016, 0.032)","(0.024, 0.048)","(0.04, 0.08)","(0.032, 0.064)"
recall,"(0.008, 0.016)","(0.006, 0.012)","(0.005, 0.01)","(0.00583941605839416, 0.01167883211678832)"
f1,"(0.010666666666666668, 0.021333333333333336)","(0.009600000000000001, 0.019200000000000002)","(0.00888888888888889, 0.01777777777777778)","(0.009876543209876543, 0.019753086419753086)"
ndcg,"(0.01394097285743944, 0.02788194571487888)","(0.019928231998416975, 0.03985646399683395)","(0.030067132692661286, 0.06013426538532257)","(0.024965331657717797, 0.049930663315435594)"
