,Top 50,Top 100,Top 200,Top N
precision,"(0.048, 0.03487119154832539)","(0.032, 0.011661903789690602)","(0.020999999999999998, 0.0058309518948453)","(0.016417910447761194, 0.0038052384429796897)"
recall,"(0.046262343834485894, 0.03261614532995338)","(0.0621937163835055, 0.021028652591381307)","(0.08206835709610405, 0.02121459098579209)","(0.08598992572355503, 0.018145558649401337)"
f1,"(0.047106174970228405, 0.03371412361910276)","(0.04224864973229847, 0.01502174589947183)","(0.033436039835686694, 0.009142926482355977)","(0.02756735612034384, 0.006291049554038272)"
ndcg,"(0.07082204249094441, 0.04435486214561841)","(0.07678586540834725, 0.03900565759070208)","(0.08731666001169282, 0.03594569332753519)","(0.08921002294218408, 0.036662201675453976)"
