,Top 50,Top 100,Top 200,Top N
precision,"(0.006122448979591836, 0.012244897959183673)","(0.016326530612244896, 0.03265306122448979)","(0.018367346938775512, 0.036734693877551024)","(0.02857142857142857, 0.05714285714285714)"
recall,"(0.012, 0.024)","(0.016, 0.032)","(0.009, 0.018)","(0.005333333333333334, 0.010666666666666668)"
f1,"(0.008108108108108107, 0.016216216216216214)","(0.01616161616161616, 0.03232323232323232)","(0.01208053691275168, 0.02416107382550336)","(0.00898876404494382, 0.01797752808988764)"
ndcg,"(0.00815865135089979, 0.01631730270179958)","(0.016132554948879187, 0.032265109897758375)","(0.017151820471457444, 0.03430364094291489)","(0.026192080345942892, 0.052384160691885784)"
