,Top 50,Top 100,Top 200,Top N
precision,"(0.05714285714285714, 0.11428571428571428)","(0.11428571428571428, 0.22857142857142856)","(0.11428571428571428, 0.22857142857142856)","(0.02857142857142857, 0.05714285714285714)"
recall,"(0.008, 0.016)","(0.008, 0.016)","(0.004, 0.008)","(0.005555555555555555, 0.01111111111111111)"
f1,"(0.014035087719298248, 0.028070175438596495)","(0.014953271028037382, 0.029906542056074764)","(0.007729468599033816, 0.015458937198067632)","(0.009302325581395349, 0.018604651162790697)"
ndcg,"(0.053010620258600614, 0.10602124051720123)","(0.13166244543253136, 0.2633248908650627)","(0.13166244543253136, 0.2633248908650627)","(0.03468553139764789, 0.06937106279529578)"
