,Top 50,Top 100,Top 200,Top N
precision,"(0.072, 0.027129319932501072)","(0.042, 0.017204650534085257)","(0.027999999999999997, 0.009797958971132711)","(0.027358490566037737, 0.010920600851688894)"
recall,"(0.08912950763400056, 0.030638202741482958)","(0.10403261907113, 0.039676516374204086)","(0.13882584039836926, 0.044331254445601466)","(0.14358774516027403, 0.05267474284854391)"
f1,"(0.07962783511879751, 0.028816519006025658)","(0.059823734175708035, 0.024005472346801487)","(0.04659215446188083, 0.01605817600052147)","(0.045951581934499976, 0.01810016620797691)"
ndcg,"(0.11948526535900375, 0.06136226883319813)","(0.12750299443180138, 0.06441792290595555)","(0.14461279572520308, 0.06787148167857121)","(0.14683739049928823, 0.07172819320156956)"
