,Top 50,Top 100,Top 200,Top N
precision,"(0.012, 0.009797958971132713)","(0.012, 0.0074833147735478825)","(0.012, 0.005099019513592784)","(0.01090909090909091, 0.006803013430498075)"
recall,"(0.027705627705627706, 0.022635353181647395)","(0.05497835497835498, 0.033910226887560416)","(0.1122077922077922, 0.04656962498590013)","(0.05497835497835498, 0.033910226887560416)"
f1,"(0.01674491392801252, 0.013672911312179476)","(0.019699227746917757, 0.012260604897876618)","(0.021678840502369914, 0.009189239792608493)","(0.018204950266018968, 0.011332266159072877)"
ndcg,"(0.018633753431781613, 0.01576628383604618)","(0.03160132236691248, 0.019405626067506253)","(0.05417322953418622, 0.021310831708813833)","(0.03160132236691248, 0.019405626067506253)"
