,Top 50,Top 100,Top 200,Top N
precision,"(0.0, 0.0)","(0.0, 0.0)","(0.010526315789473684, 0.021052631578947368)","(0.0, 0.0)"
recall,"(0.0, 0.0)","(0.0, 0.0)","(0.001, 0.002)","(0.0, 0.0)"
f1,"(0.0, 0.0)","(0.0, 0.0)","(0.0018264840182648403, 0.0036529680365296807)","(0.0, 0.0)"
ndcg,"(0.0, 0.0)","(0.0, 0.0)","(0.008551662503006315, 0.01710332500601263)","(0.0, 0.0)"
