,Top 50,Top 100,Top 200,Top N
precision,"(0.02, 0.012649110640673518)","(0.014000000000000002, 0.008)","(0.009000000000000001, 0.004898979485566356)","(0.016666666666666666, 0.010540925533894598)"
recall,"(0.08636363636363635, 0.052835138709583916)","(0.12121212121212119, 0.06843387751900736)","(0.15606060606060607, 0.08320927404694534)","(0.08636363636363635, 0.052835138709583916)"
f1,"(0.03246959280803807, 0.020403436153209935)","(0.025096525096525095, 0.014318431583443803)","(0.017016900652776536, 0.009250759595377297)","(0.027934272300469482, 0.01756925471134421)"
ndcg,"(0.03827680579505914, 0.02330627792059399)","(0.05042308714782784, 0.02867841036079425)","(0.06171155746511401, 0.033267408825829604)","(0.03827680579505914, 0.02330627792059399)"
