,Top 50,Top 100,Top 200,Top N
precision,"(0.0, 0.0)","(0.0, 0.0)","(0.05, 0.1)","(0.0, 0.0)"
recall,"(0.0, 0.0)","(0.0, 0.0)","(0.003, 0.006)","(0.0, 0.0)"
f1,"(0.0, 0.0)","(0.0, 0.0)","(0.005660377358490566, 0.011320754716981131)","(0.0, 0.0)"
ndcg,"(0.0, 0.0)","(0.0, 0.0)","(0.048816938912756416, 0.09763387782551283)","(0.0, 0.0)"
