,Top 50,Top 100,Top 200,Top N
precision,0.017543859649122806,0.03859649122807018,0.04912280701754386,0.017543859649122806
recall,0.1,0.11,0.07,0.08333333333333333
f1,0.029850746268656716,0.05714285714285714,0.057731958762886594,0.028985507246376812
ndcg,0.05259803427924531,0.07197831637302321,0.057199956610498676,0.046412288813996755
