,Top 50,Top 100,Top 200,Top N
precision,0.02,0.01,0.01,0.0
recall,0.058823529411764705,0.058823529411764705,0.11764705882352941,0.0
f1,0.02985074626865672,0.017094017094017096,0.018433179723502304,0.0
ndcg,0.028215815372060537,0.028215815372060537,0.0506208762856133,0.0
