,Top 50,Top 100,Top 200,Top N
precision,0.0035714285714285713,0.014285714285714285,0.02142857142857143,0.02857142857142857
recall,0.02,0.04,0.03,0.029850746268656716
f1,0.006060606060606061,0.02105263157894737,0.024999999999999998,0.029197080291970802
ndcg,0.01612799726004488,0.029916718747799335,0.026020435947230455,0.027252765191836458
