,Top 50,Top 100,Top 200,Top N
precision,0.03636363636363636,0.05454545454545454,0.07272727272727272,0.05454545454545454
recall,0.04,0.03,0.02,0.0234375
f1,0.0380952380952381,0.03870967741935484,0.03137254901960784,0.03278688524590164
ndcg,0.032504470503220334,0.042858507821071014,0.06057791953523942,0.042858507821071014
