,Top 50,Top 100,Top 200,Top N
precision,0.0,0.015384615384615385,0.046153846153846156,0.015384615384615385
recall,0.0,0.01,0.015,0.012345679012345678
f1,0.0,0.01212121212121212,0.022641509433962266,0.0136986301369863
ndcg,0.0,0.00894368297861389,0.02858738154464932,0.00902151715936011
