,Top 50,Top 100,Top 200,Top N
precision,0.012182741116751269,0.02233502538071066,0.030456852791878174,0.02233502538071066
recall,0.24,0.22,0.15,0.20952380952380953
f1,0.023188405797101446,0.04055299539170507,0.05063291139240507,0.040366972477064215
ndcg,0.1439071500292062,0.1430396769164024,0.11018895694329471,0.13811726525071336
