,Top 50,Top 100,Top 200,Top N
precision,0.04,0.05,0.035,0.058823529411764705
recall,0.005115089514066497,0.01278772378516624,0.017902813299232736,0.005115089514066497
f1,0.009070294784580499,0.020366598778004074,0.023688663282571912,0.009411764705882354
ndcg,0.036340036593820506,0.044613920492884346,0.034648770146192116,0.047099587083590765
