,Top 50,Top 100,Top 200,Top N
precision,0.02,0.01,0.01,0.03225806451612903
recall,0.09090909090909091,0.09090909090909091,0.18181818181818182,0.09090909090909091
f1,0.032786885245901634,0.018018018018018018,0.01895734597156398,0.047619047619047616
ndcg,0.042737051177901574,0.042737051177901574,0.06611793370348926,0.042737051177901574
