,Top 50,Top 100,Top 200,Top N
precision,0.38,0.36,0.3,0.27601809954751133
recall,0.007246376811594203,0.013729977116704805,0.02288329519450801,0.02326468344774981
f1,0.014221556886227546,0.026451138868479055,0.042523033309709427,0.04291241646148435
ndcg,0.4674884979356844,0.4165359717243763,0.3461545640412748,0.3245185429641872
