,Top 50,Top 100,Top 200,Top N
precision,0.009977827050997782,0.018292682926829267,0.02827050997782705,0.01662971175166297
recall,0.36,0.33,0.255,0.35294117647058826
f1,0.019417475728155338,0.03466386554621848,0.05089820359281437,0.03176283748014822
ndcg,0.16500330392836618,0.1760615930860892,0.1637499571697065,0.18082391286124655
