,Top 50,Top 100,Top 200,Top N
precision,0.006102212051868803,0.011060259344012205,0.02021357742181541,0.02250190694126621
recall,0.32,0.29,0.265,0.2669683257918552
f1,0.011976047904191617,0.0213078618662748,0.03756201275690999,0.04150545198733732
ndcg,0.12086227599645098,0.13329390276649336,0.15243759845137547,0.1578538722944341
