,Top 50,Top 100,Top 200,Top N
precision,0.04838709677419355,0.04838709677419355,0.06451612903225806,0.06451612903225806
recall,0.06,0.03,0.02,0.024539877300613498
f1,0.05357142857142857,0.037037037037037035,0.030534351145038167,0.035555555555555556
ndcg,0.04031223451688876,0.03228194749808681,0.044029068442116626,0.044029068442116626
