,Top 50,Top 100,Top 200,Top N
precision,0.009538002980625931,0.019970193740685545,0.03636363636363636,0.07123695976154992
recall,0.64,0.67,0.61,0.387987012987013
f1,0.01879588839941263,0.03878437047756875,0.06863572433192686,0.1203727020901536
ndcg,0.2417739249057546,0.3185428097653667,0.3410928328596222,0.28060318116651606
