,Top 50,Top 100,Top 200,Top N
precision,0.02,0.03,0.045,0.043478260869565216
recall,0.009433962264150943,0.02830188679245283,0.08490566037735849,0.009433962264150943
f1,0.012820512820512818,0.02912621359223301,0.0588235294117647,0.015503875968992248
ndcg,0.021627285360840354,0.028712088595001635,0.060447121561705314,0.036209045703025085
