,Top 50,Top 100,Top 200,Top N
precision,0.010666666666666666,0.032,0.06666666666666667,0.005333333333333333
recall,0.08,0.12,0.125,0.07692307692307693
f1,0.018823529411764704,0.05052631578947369,0.08695652173913045,0.009975062344139652
ndcg,0.03983630317179693,0.0746446652682007,0.09843034948040248,0.03203666456733045
