,Top 50,Top 100,Top 200,Top N
precision,0.1111111111111111,0.2222222222222222,0.2222222222222222,0.2222222222222222
recall,0.02,0.02,0.01,0.025974025974025976
f1,0.03389830508474577,0.03669724770642202,0.019138755980861243,0.046511627906976744
ndcg,0.09092803061897885,0.19215663883127906,0.19215663883127906,0.19215663883127906
