,Top 50,Top 100,Top 200,Top N
precision,0.0,0.011363636363636364,0.017045454545454544,0.022727272727272728
recall,0.0,0.02,0.015,0.018867924528301886
f1,0.0,0.014492753623188406,0.015957446808510637,0.020618556701030927
ndcg,0.0,0.01734257629962622,0.016698761674153087,0.02074510024694406
