,Top 50,Top 100,Top 200,Top N
precision,0.015212981744421906,0.028397565922920892,0.04563894523326572,0.02535496957403651
recall,0.3,0.28,0.225,0.2840909090909091
f1,0.028957528957528955,0.05156537753222837,0.07588532883642497,0.04655493482309125
ndcg,0.15130621794611446,0.16801626563014474,0.15591875085465948,0.16466382991179976
