,Top 50,Top 100,Top 200,Top N
precision,0.016129032258064516,0.03225806451612903,0.06451612903225806,0.06451612903225806
recall,0.02,0.02,0.02,0.024539877300613498
f1,0.017857142857142856,0.024691358024691357,0.030534351145038167,0.035555555555555556
ndcg,0.027617814335417826,0.03254393143133576,0.06056316764041283,0.06056316764041283
