,Top 50,Top 100,Top 200,Top N
precision,0.0,0.0055248618784530384,0.011049723756906077,0.0055248618784530384
recall,0.0,0.01,0.01,0.009615384615384616
f1,0.0,0.0071174377224199285,0.010498687664041995,0.007017543859649123
ndcg,0.0,0.00704261759858734,0.00833364189073453,0.006847193167595991
