,Top 50,Top 100,Top 200,Top N
precision,0.007017543859649123,0.014035087719298246,0.03508771929824561,0.007017543859649123
recall,0.04,0.04,0.05,0.03333333333333333
f1,0.011940298507462687,0.02077922077922078,0.041237113402061855,0.011594202898550725
ndcg,0.021159776554210356,0.027090860338498907,0.04345148325873587,0.01867129968127279
