,Top 50,Top 100,Top 200,Top N
precision,0.010682004930156122,0.02259654889071487,0.038619556285949055,0.006984387838948234
recall,0.52,0.55,0.47,0.5666666666666667
f1,0.020933977455716585,0.043409629044988164,0.07137433561123767,0.0137987012987013
ndcg,0.1945461466947314,0.25986915242919123,0.26939418792218994,0.18021268127773302
