,Top 50,Top 100,Top 200,Top N
precision,0.011049723756906077,0.016574585635359115,0.022099447513812154,0.016574585635359115
recall,0.04,0.03,0.02,0.028846153846153848
f1,0.017316017316017316,0.021352313167259784,0.02099737532808399,0.021052631578947368
ndcg,0.022055494733729922,0.020588202409156445,0.018572542880336478,0.02001690378550958
