,Top 50,Top 100,Top 200,Top N
precision,0.0070898041863605675,0.01012829169480081,0.018906144496961513,0.01012829169480081
recall,0.42,0.3,0.28,0.297029702970297
f1,0.013944223107569721,0.019595035924232528,0.03542061986084757,0.019588638589618023
ndcg,0.16160484860900018,0.143244031352559,0.15915312036965026,0.14222603488988508
