,Top 50,Top 100,Top 200,Top N
precision,0.024096385542168676,0.024096385542168676,0.03614457831325301,0.024096385542168676
recall,0.04,0.02,0.015,0.037037037037037035
f1,0.030075187969924814,0.021857923497267763,0.021201413427561835,0.029197080291970802
ndcg,0.02915253613678826,0.01999515330823123,0.029417500105152514,0.027658411574318545
