,Top 50,Top 100,Top 200,Top N
precision,0.04436860068259386,0.06484641638225255,0.09897610921501707,0.06484641638225255
recall,0.26,0.19,0.145,0.1743119266055046
f1,0.07580174927113703,0.09669211195928751,0.11764705882352941,0.09452736318407959
ndcg,0.15487183373061514,0.13422265594708244,0.1394482352491201,0.1261618214149905
