,Top 50,Top 100,Top 200,Top N
precision,0.006564551422319475,0.010940919037199124,0.0350109409190372,0.006564551422319475
recall,0.06,0.05,0.08,0.05555555555555555
f1,0.011834319526627219,0.01795332136445242,0.0487062404870624,0.011741682974559686
ndcg,0.0311292273365532,0.03069111492507716,0.06544455286060408,0.029533793479409137
