,Top 50,Top 100,Top 200,Top N
precision,0.007352941176470588,0.007352941176470588,0.022058823529411766,0.007352941176470588
recall,0.02,0.01,0.015,0.011764705882352941
f1,0.010752688172043012,0.00847457627118644,0.017857142857142853,0.009049773755656108
ndcg,0.011885072531428977,0.007320927367981386,0.021719728979472473,0.008219580636338054
