,Top 50,Top 100,Top 200,Top N
precision,0.034482758620689655,0.05747126436781609,0.08045977011494253,0.06896551724137931
recall,0.06,0.05,0.035,0.046875
f1,0.043795620437956206,0.053475935828877004,0.04878048780487805,0.05581395348837209
ndcg,0.04589625906510831,0.04683324004662746,0.07317197542541723,0.055524349967998494
