,Top 50,Top 100,Top 200,Top N
precision,0.02247191011235955,0.02247191011235955,0.02247191011235955,0.06741573033707865
recall,0.04,0.02,0.01,0.007751937984496124
f1,0.02877697841726619,0.021164021164021163,0.01384083044982699,0.013904982618771726
ndcg,0.02789714184136024,0.017693296983576197,0.017693296983576197,0.05469547477265987
