,Top 50,Top 100,Top 200,Top N
precision,0.012219959266802444,0.014256619144602852,0.026476578411405296,0.038696537678207736
recall,0.12,0.07,0.065,0.06397306397306397
f1,0.022181146025878003,0.02368866328257191,0.03762662807525326,0.04822335025380711
ndcg,0.05980823078556182,0.04246451488242802,0.046046478378819,0.05058518327443232
