,Top 50,Top 100,Top 200,Top N
precision,0.022727272727272728,0.045454545454545456,0.056818181818181816,0.022727272727272728
recall,0.04,0.04,0.025,0.037037037037037035
f1,0.028985507246376812,0.0425531914893617,0.034722222222222224,0.028169014084507043
ndcg,0.0337240676890735,0.036890803644287824,0.05158769642362681,0.03199564318273869
