,Top 50,Top 100,Top 200,Top N
precision,0.01818181818181818,0.01818181818181818,0.03636363636363636,0.03636363636363636
recall,0.02,0.01,0.01,0.015625
f1,0.01904761904761905,0.012903225806451611,0.01568627450980392,0.02185792349726776
ndcg,0.01630596033570318,0.014906272088335294,0.027057649310356032,0.027057649310356032
