,Top 50,Top 100,Top 200,Top N
precision,0.02224694104560623,0.0389321468298109,0.06451612903225806,0.02335928809788654
recall,0.4,0.35,0.29,0.3888888888888889
f1,0.04214963119072708,0.07007007007007007,0.10555050045495905,0.04407135362014691
ndcg,0.17960971908749687,0.19203038892855206,0.19106302529078745,0.17851084291954775
