,Top 50,Top 100,Top 200,Top N
precision,0.0,0.047619047619047616,0.047619047619047616,0.047619047619047616
recall,0.0,0.01,0.005,0.006134969325153374
f1,0.0,0.01652892561983471,0.00904977375565611,0.010869565217391304
ndcg,0.0,0.05590529324231313,0.05590529324231313,0.05590529324231313
