,Top 50,Top 100,Top 200,Top N
precision,0.2,0.2,0.2,0.0
recall,0.02,0.01,0.005,0.0
f1,0.03636363636363636,0.019047619047619046,0.00975609756097561,0.0
ndcg,0.19092086617893464,0.19092086617893464,0.19092086617893464,0.0
