,Top 50,Top 100,Top 200,Top N
precision,0.03409090909090909,0.03409090909090909,0.045454545454545456,0.03409090909090909
recall,0.06,0.03,0.02,0.05555555555555555
f1,0.043478260869565216,0.031914893617021274,0.027777777777777776,0.04225352112676056
ndcg,0.055832093883730775,0.034391267116311526,0.04294068653937283,0.05297058974376925
