,Top 50,Top 100,Top 200,Top N
precision,0.003257328990228013,0.016286644951140065,0.026058631921824105,0.003257328990228013
recall,0.02,0.05,0.04,0.03333333333333333
f1,0.0056022408963585435,0.024570024570024572,0.03155818540433925,0.005934718100890208
ndcg,0.010683321422469524,0.03431536491839936,0.033344085481247294,0.015040048594872148
