,Top 50,Top 100,Top 200,Top N
precision,0.027777777777777776,0.027777777777777776,0.05555555555555555,0.013888888888888888
recall,0.08,0.04,0.04,0.06666666666666667
f1,0.041237113402061855,0.03278688524590164,0.046511627906976744,0.022988505747126436
ndcg,0.054497491980989465,0.033569183484150125,0.045188522935130884,0.04515492045678122
