,Top 50,Top 100,Top 200,Top N
precision,0.006610356224752111,0.014322438486962909,0.029012118986412046,0.016158648549394052
recall,0.36,0.39,0.395,0.3963963963963964
f1,0.01298232960692391,0.02763018065887354,0.05405405405405405,0.031051517290049402
ndcg,0.14345767475231744,0.18820853075651975,0.23260815502366933,0.2005577868700121
