,Top 50,Top 100,Top 200,Top N
precision,0.01282051282051282,0.02564102564102564,0.05128205128205128,0.02564102564102564
recall,0.02,0.02,0.02,0.029850746268656716
f1,0.015625,0.022471910112359553,0.028776978417266185,0.027586206896551724
ndcg,0.038766503505504146,0.03561379046443384,0.06734616759899478,0.041740580248345274
