,Top 50,Top 100,Top 200,Top N
precision,0.06,0.03,0.015,0.05555555555555555
recall,0.03409090909090909,0.03409090909090909,0.03409090909090909,0.03409090909090909
f1,0.043478260869565216,0.031914893617021274,0.020833333333333332,0.04225352112676056
ndcg,0.05832891441163257,0.035929250303819785,0.03567391087103189,0.05533944333043094
