,Top 50,Top 100,Top 200,Top N
precision,0.02,0.01,0.015,0.01282051282051282
recall,0.015873015873015872,0.015873015873015872,0.047619047619047616,0.031746031746031744
f1,0.017699115044247787,0.012269938650306749,0.022813688212927754,0.018264840182648404
ndcg,0.014288467392569172,0.01132780652834117,0.02840584822857777,0.0202272782170782
