,Top 50,Top 100,Top 200,Top N
precision,0.06,0.07,0.065,0.05172413793103448
recall,0.0030181086519114686,0.007042253521126761,0.013078470824949699,0.0030181086519114686
f1,0.005747126436781608,0.012797074954296161,0.021775544388609715,0.0057034220532319385
ndcg,0.05443794409512901,0.06282589182580066,0.061936404912501214,0.04917258130110658
