,Top 50,Top 100,Top 200,Top N
precision,0.00437636761487965,0.010940919037199124,0.02188183807439825,0.00437636761487965
recall,0.04,0.05,0.05,0.037037037037037035
f1,0.007889546351084813,0.01795332136445242,0.030441400304414,0.007827788649706457
ndcg,0.018853498456108314,0.029528985182301192,0.04031146611586825,0.0178872197419827
