,Top 50,Top 100,Top 200,Top N
precision,0.03636363636363636,0.03636363636363636,0.07272727272727272,0.03636363636363636
recall,0.04,0.02,0.02,0.015625
f1,0.0380952380952381,0.025806451612903222,0.03137254901960784,0.02185792349726776
ndcg,0.09650149920830768,0.08821790158422302,0.1185595117344161,0.08821790158422302
