,Top 50,Top 100,Top 200,Top N
precision,0.28,0.34,0.305,0.3465346534653465
recall,0.004726536124240378,0.011478730587440918,0.020594193112761647,0.011816340310600946
f1,0.009296148738379813,0.022207707380796863,0.038583175205566096,0.022853411687887692
ndcg,0.2960081134397031,0.33574574413596886,0.3099098635236783,0.3404664188921921
