,Top 50,Top 100,Top 200,Top N
precision,0.007760532150776054,0.012749445676274944,0.02827050997782705,0.010532150776053215
recall,0.28,0.23,0.255,0.2235294117647059
f1,0.0151024811218986,0.02415966386554622,0.05089820359281437,0.020116463737427214
ndcg,0.1237011383343417,0.12690938280163733,0.1685241703181042,0.11864756950221578
