,Top 50,Top 100,Top 200,Top N
precision,0.005429417571569595,0.011846001974333662,0.023938795656465943,0.07798617966436328
recall,0.44,0.48,0.485,0.45014245014245013
f1,0.010726474890297417,0.023121387283236997,0.045625587958607716,0.132940681531342
ndcg,0.156634989920104,0.21263413942178844,0.2657377131619988,0.3252342731630918
