,Top 50,Top 100,Top 200,Top N
precision,0.38,0.3,0.205,0.35185185185185186
recall,0.021134593993325918,0.03337041156840934,0.04560622914349277,0.021134593993325918
f1,0.04004214963119073,0.06006006006006006,0.07461328480436762,0.03987408184679958
ndcg,0.38421856399978005,0.3200460873032024,0.23630825838237737,0.3645266102316658
