,Top 50,Top 100,Top 200,Top N
precision,0.006514657980456026,0.009771986970684038,0.02280130293159609,0.006514657980456026
recall,0.04,0.03,0.035,0.06666666666666667
f1,0.011204481792717087,0.014742014742014743,0.027613412228796846,0.011869436201780416
ndcg,0.020830726673475332,0.018813774688186485,0.025955036964189198,0.02932563095748813
