,Top 50,Top 100,Top 200,Top N
precision,0.12,0.09,0.08,0.08823529411764706
recall,0.015345268542199489,0.023017902813299233,0.04092071611253197,0.0076726342710997444
f1,0.027210884353741503,0.03665987780040733,0.05414551607445009,0.014117647058823528
ndcg,0.10748839545839137,0.09029119661267412,0.08181185729521273,0.08243018007031638
