,Top 50,Top 100,Top 200,Top N
precision,0.01607717041800643,0.02572347266881029,0.03536977491961415,0.00964630225080386
recall,0.1,0.08,0.055,0.13043478260869565
f1,0.027700831024930744,0.0389294403892944,0.043052837573385516,0.017964071856287428
ndcg,0.05441473226010361,0.058354888483146676,0.046680002113192,0.05360013621333242
