,Top 50,Top 100,Top 200,Top N
precision,0.0056625141562853904,0.014269535673839184,0.02695356738391846,0.06568516421291053
recall,0.5,0.63,0.595,0.571992110453649
f1,0.011198208286674132,0.027906976744186046,0.05157096424702059,0.1178382771231207
ndcg,0.17938403103498654,0.28874066989847313,0.32568413988283185,0.38374544611377087
