,Top 50,Top 100,Top 200,Top N
precision,0.34,0.24,0.155,0.3148148148148148
recall,0.028380634390651086,0.04006677796327212,0.05175292153589316,0.028380634390651086
f1,0.05238828967642527,0.06866952789699571,0.07759699624530664,0.052067381316998465
ndcg,0.34885368427013236,0.2679354087171212,0.18883526265193368,0.3309742498384121
