,Top 50,Top 100,Top 200,Top N
precision,0.2,0.13,0.1,0.1125
recall,0.01443001443001443,0.01875901875901876,0.02886002886002886,0.025974025974025976
f1,0.026917900403768503,0.03278688524590164,0.04479283314669653,0.042203985932004695
ndcg,0.23476491897316618,0.16820782415420582,0.12900077268746946,0.14326500765309372
