,Top 50,Top 100,Top 200,Top N
precision,0.04,0.02,0.015,0.012269938650306749
recall,0.03225806451612903,0.03225806451612903,0.04838709677419355,0.03225806451612903
f1,0.03571428571428571,0.024691358024691357,0.022900763358778626,0.017777777777777778
ndcg,0.028765594723782973,0.023035424102709198,0.03146408867873672,0.023035424102709198
