,Top 50,Top 100,Top 200,Top N
precision,0.003286770747740345,0.008216926869350863,0.01602300739523418,0.0024650780608052587
recall,0.16,0.2,0.195,0.2
f1,0.006441223832528181,0.01578531965272297,0.0296127562642369,0.00487012987012987
ndcg,0.064568604111199,0.09701738661258877,0.11552025324668713,0.06507719153587348
