,Top 25,Top 50,Top 100,Top 200
precision,"(0.0, 0.0)","(0.004, 0.008)","(0.004, 0.004898979485566356)","(0.002, 0.002449489742783178)"
recall,"(0.0, 0.0)","(0.03333333333333333, 0.06666666666666667)","(0.06190476190476191, 0.07619047619047618)","(0.06190476190476191, 0.07619047619047618)"
f1,"(0.0, 0.0)","(0.007142857142857143, 0.014285714285714285)","(0.007511902662669723, 0.009200333246658603)","(0.0038741147225739873, 0.004744825318843531)"
ndcg,"(0.0, 0.0)","(0.01179901411168555, 0.0235980282233711)","(0.020055775965116086, 0.025193652017863027)","(0.020055775965116086, 0.025193652017863027)"
