,Top 50,Top 100,Top 200,Top N
precision,"(0.02, 0.012649110640673518)","(0.01, 0.006324555320336759)","(0.005, 0.0031622776601683794)","(0.010101010101010102, 0.006388439717511878)"
recall,"(0.05640522875816993, 0.037362303620260766)","(0.05640522875816993, 0.037362303620260766)","(0.05640522875816993, 0.037362303620260766)","(0.05640522875816993, 0.037362303620260766)"
f1,"(0.029507086416656215, 0.018885830422329636)","(0.01697957409821817, 0.01081248323883778)","(0.00918299812055361, 0.005829288093996461)","(0.017124975542825445, 0.010905716059591173)"
ndcg,"(0.05253410704107016, 0.059395655821301394)","(0.05253410704107016, 0.059395655821301394)","(0.05253410704107016, 0.059395655821301394)","(0.05253410704107016, 0.059395655821301394)"
