,Top 50,Top 100,Top 200,Top N
precision,"(0.032, 0.064)","(0.032, 0.064)","(0.05600000000000001, 0.11200000000000002)","(0.04, 0.08)"
recall,"(0.016, 0.032)","(0.008, 0.016)","(0.007000000000000001, 0.014000000000000002)","(0.0072992700729927005, 0.014598540145985401)"
f1,"(0.021333333333333336, 0.04266666666666667)","(0.0128, 0.0256)","(0.012444444444444444, 0.024888888888888887)","(0.012345679012345677, 0.024691358024691353)"
ndcg,"(0.023908561172624847, 0.047817122345249694)","(0.023908561172624847, 0.047817122345249694)","(0.04014086247516923, 0.08028172495033846)","(0.029234124919463027, 0.058468249838926054)"
