,Top 50,Top 100,Top 200,Top N
precision,"(0.016, 0.014966629547095765)","(0.01, 0.006324555320336759)","(0.005, 0.0031622776601683794)","(0.009174311926605505, 0.0058023443305841825)"
recall,"(0.039047619047619046, 0.03717946913512978)","(0.04813852813852814, 0.03166914472495354)","(0.04813852813852814, 0.03166914472495354)","(0.04813852813852814, 0.03166914472495354)"
f1,"(0.022696177062374246, 0.021338746754212524)","(0.016556925439190715, 0.01054142245088911)","(0.009058074940427882, 0.0057496775152383285)","(0.01540883165594687, 0.009805912973999327)"
ndcg,"(0.023445233583123788, 0.020816264742552725)","(0.027581518175952936, 0.017544228734066254)","(0.027581518175952936, 0.017544228734066254)","(0.027581518175952936, 0.017544228734066254)"
