,Top 50,Top 100,Top 200,Top N
precision,"(0.021052631578947368, 0.042105263157894736)","(0.031578947368421054, 0.06315789473684211)","(0.042105263157894736, 0.08421052631578947)","(0.031578947368421054, 0.06315789473684211)"
recall,"(0.008, 0.016)","(0.006, 0.012)","(0.004, 0.008)","(0.004724409448818898, 0.009448818897637795)"
f1,"(0.011594202898550725, 0.02318840579710145)","(0.010084033613445377, 0.020168067226890754)","(0.007305936073059361, 0.014611872146118723)","(0.00821917808219178, 0.01643835616438356)"
ndcg,"(0.013003332190250932, 0.026006664380501865)","(0.018793192009121457, 0.037586384018242915)","(0.02448391714003148, 0.04896783428006296)","(0.018793192009121457, 0.037586384018242915)"
