,Top 50,Top 100,Top 200,Top N
precision,"(0.02, 0.012649110640673518)","(0.014000000000000002, 0.004898979485566356)","(0.007999999999999998, 0.004)","(0.017543859649122806, 0.011095711088310103)"
recall,"(0.08969696969696969, 0.057825614159233645)","(0.12454545454545456, 0.0411987500590481)","(0.14272727272727273, 0.07143035548080287)","(0.08969696969696969, 0.057825614159233645)"
f1,"(0.03268464657147893, 0.0207401317872565)","(0.025161460161460165, 0.008748894178158868)","(0.015148077651878061, 0.00757406496975329)","(0.02932905803463501, 0.01860443871723656)"
ndcg,"(0.07965908661552121, 0.10494219050337648)","(0.09275980899581945, 0.09805703622610004)","(0.09884062388520572, 0.11014723136559673)","(0.07965908661552121, 0.10494219050337648)"
