,Top 50,Top 100,Top 200,Top N
precision,"(0.003389830508474576, 0.006779661016949152)","(0.006779661016949152, 0.013559322033898305)","(0.01694915254237288, 0.03389830508474576)","(0.02033898305084746, 0.040677966101694926)"
recall,"(0.008, 0.016)","(0.008, 0.016)","(0.01, 0.02)","(0.003896103896103896, 0.007792207792207792)"
f1,"(0.0047619047619047615, 0.009523809523809523)","(0.007339449541284404, 0.01467889908256881)","(0.012578616352201259, 0.025157232704402517)","(0.0065395095367847406, 0.013079019073569481)"
ndcg,"(0.00601503897895083, 0.01203007795790166)","(0.00662844926756592, 0.01325689853513184)","(0.013806263380485937, 0.027612526760971874)","(0.01624301952242565, 0.0324860390448513)"
