,Top 50,Top 100,Top 200,Top N
precision,"(0.006122448979591836, 0.012244897959183673)","(0.006122448979591836, 0.012244897959183673)","(0.008163265306122448, 0.016326530612244896)","(0.010204081632653062, 0.020408163265306124)"
recall,"(0.012, 0.024)","(0.006, 0.012)","(0.004, 0.008)","(0.001904761904761905, 0.00380952380952381)"
f1,"(0.008108108108108107, 0.016216216216216214)","(0.006060606060606061, 0.012121212121212121)","(0.005369127516778523, 0.010738255033557046)","(0.003210272873194222, 0.006420545746388444)"
ndcg,"(0.009199162738949425, 0.01839832547789885)","(0.005666469605465016, 0.011332939210930032)","(0.00824787035137751, 0.01649574070275502)","(0.009737896862259286, 0.019475793724518572)"
