,Top 50,Top 100,Top 200,Top N
precision,"(0.025, 0.05)","(0.05, 0.1)","(0.05, 0.1)","(0.025, 0.05)"
recall,"(0.004, 0.008)","(0.004, 0.008)","(0.002, 0.004)","(0.004651162790697674, 0.009302325581395349)"
f1,"(0.006896551724137933, 0.013793103448275865)","(0.007407407407407407, 0.014814814814814814)","(0.0038461538461538464, 0.007692307692307693)","(0.007843137254901962, 0.015686274509803925)"
ndcg,"(0.016862846851177143, 0.03372569370235429)","(0.06745138740470857, 0.13490277480941715)","(0.06745138740470857, 0.13490277480941715)","(0.016862846851177143, 0.03372569370235429)"
