,Top 50,Top 100,Top 200,Top N
precision,"(0.02, 0.01788854381999832)","(0.016, 0.008)","(0.011, 0.004898979485566357)","(0.02, 0.019436506316151)"
recall,"(0.08333333333333333, 0.07453559924999298)","(0.13333333333333333, 0.06666666666666668)","(0.18333333333333332, 0.0816496580927726)","(0.1, 0.097182531580755)"
f1,"(0.03225806451612903, 0.02885249003225535)","(0.02857142857142857, 0.014285714285714284)","(0.020754716981132074, 0.00924335751993652)","(0.03333333333333334, 0.032394177193585005)"
ndcg,"(0.07289871688406001, 0.07228050319607077)","(0.09244430577683227, 0.061370448793060604)","(0.10878169165097873, 0.053703894778636775)","(0.07957455745951666, 0.07460545252213915)"
