,Top 50,Top 100,Top 200,Top N
precision,"(0.00625, 0.0125)","(0.00625, 0.0125)","(0.014583333333333334, 0.029166666666666667)","(0.01875, 0.0375)"
recall,"(0.012, 0.024)","(0.006, 0.012)","(0.007000000000000001, 0.014000000000000002)","(0.003550295857988166, 0.007100591715976332)"
f1,"(0.00821917808219178, 0.01643835616438356)","(0.006122448979591836, 0.012244897959183673)","(0.00945945945945946, 0.01891891891891892)","(0.005970149253731343, 0.011940298507462687)"
ndcg,"(0.012432380980884335, 0.02486476196176867)","(0.00765805660263684, 0.01531611320527368)","(0.022341477388586765, 0.04468295477717353)","(0.025894888285562793, 0.05178977657112559)"
