,Top 50,Top 100,Top 200,Top N
precision,"(0.0, 0.0)","(0.0, 0.0)","(0.02727272727272727, 0.05454545454545454)","(0.0, 0.0)"
recall,"(0.0, 0.0)","(0.0, 0.0)","(0.003, 0.006)","(0.0, 0.0)"
f1,"(0.0, 0.0)","(0.0, 0.0)","(0.005405405405405404, 0.010810810810810808)","(0.0, 0.0)"
ndcg,"(0.0, 0.0)","(0.0, 0.0)","(0.020392666340807813, 0.040785332681615626)","(0.0, 0.0)"
