,Top 50,Top 100,Top 200,Top N
precision,"(0.00625, 0.0125)","(0.00625, 0.0125)","(0.00625, 0.0125)","(0.00625, 0.0125)"
recall,"(0.004, 0.008)","(0.002, 0.004)","(0.001, 0.002)","(0.001226993865030675, 0.00245398773006135)"
f1,"(0.004878048780487804, 0.009756097560975608)","(0.0030303030303030303, 0.006060606060606061)","(0.0017241379310344832, 0.0034482758620689663)","(0.0020512820512820513, 0.0041025641025641026)"
ndcg,"(0.013199614508274143, 0.026399229016548287)","(0.013199614508274143, 0.026399229016548287)","(0.013199614508274143, 0.026399229016548287)","(0.013199614508274143, 0.026399229016548287)"
