,Top 50,Top 100,Top 200,Top N
precision,"(0.03076923076923077, 0.06153846153846154)","(0.03076923076923077, 0.06153846153846154)","(0.03076923076923077, 0.06153846153846154)","(0.03076923076923077, 0.06153846153846154)"
recall,"(0.008, 0.016)","(0.004, 0.008)","(0.002, 0.004)","(0.0049382716049382715, 0.009876543209876543)"
f1,"(0.0126984126984127, 0.0253968253968254)","(0.007079646017699117, 0.014159292035398235)","(0.003755868544600939, 0.007511737089201879)","(0.00851063829787234, 0.01702127659574468)"
ndcg,"(0.041357675627937227, 0.08271535125587445)","(0.041357675627937227, 0.08271535125587445)","(0.041357675627937227, 0.08271535125587445)","(0.041357675627937227, 0.08271535125587445)"
