,Top 50,Top 100,Top 200,Top N
precision,"(0.008, 0.009797958971132711)","(0.004, 0.004898979485566356)","(0.006, 0.0037416573867739412)","(0.0036363636363636364, 0.004453617714151233)"
recall,"(0.02361111111111111, 0.029000851413640415)","(0.02361111111111111, 0.029000851413640415)","(0.07163742690058479, 0.04784746219162798)","(0.02361111111111111, 0.029000851413640415)"
f1,"(0.011942959001782532, 0.014629792890326697)","(0.006838106370543542, 0.008375445525504552)","(0.011068753810993348, 0.006940512915492711)","(0.006299603174603175, 0.0077158052997423655)"
ndcg,"(0.01162774648605487, 0.014423240013104719)","(0.01162774648605487, 0.014423240013104719)","(0.02660986803726286, 0.017156311393550488)","(0.01162774648605487, 0.014423240013104719)"
