,Top 50,Top 100,Top 200,Top N
precision,"(0.012, 0.016)","(0.01, 0.006324555320336759)","(0.009, 0.002)","(0.009174311926605505, 0.0058023443305841825)"
recall,"(0.03057644110275689, 0.04164927935406714)","(0.04875825928457507, 0.03344636981427684)","(0.08555479608111187, 0.020724636809670138)","(0.04875825928457507, 0.03344636981427684)"
f1,"(0.017228005715452133, 0.02310892023074185)","(0.01658585124877752, 0.010631149572525764)","(0.016281886547801133, 0.003637555474607856)","(0.015433793305930709, 0.009883443847220797)"
ndcg,"(0.018112546442808852, 0.024703039130585316)","(0.02721354371248006, 0.02012282101517911)","(0.041745046908433794, 0.012765360619857733)","(0.02721354371248006, 0.02012282101517911)"
