,Top 50,Top 100,Top 200,Top N
precision,"(0.002758620689655172, 0.005517241379310344)","(0.005517241379310344, 0.011034482758620689)","(0.008275862068965517, 0.016551724137931035)","(0.016551724137931035, 0.03310344827586207)"
recall,"(0.008, 0.016)","(0.008, 0.016)","(0.006, 0.012)","(0.0031007751937984496, 0.006201550387596899)"
f1,"(0.0041025641025641026, 0.008205128205128205)","(0.0065306122448979586, 0.013061224489795917)","(0.006956521739130433, 0.013913043478260867)","(0.005223068552774756, 0.010446137105549511)"
ndcg,"(0.005048561905641671, 0.010097123811283342)","(0.006841233442469935, 0.01368246688493987)","(0.007474917929742267, 0.014949835859484534)","(0.014223818884398203, 0.028447637768796406)"
