,Top 50,Top 100,Top 200,Top N
precision,"(0.0, 0.0)","(0.00625, 0.0125)","(0.01875, 0.0375)","(0.01875, 0.0375)"
recall,"(0.0, 0.0)","(0.002, 0.004)","(0.003, 0.006)","(0.003680981595092025, 0.00736196319018405)"
f1,"(0.0, 0.0)","(0.0030303030303030303, 0.006060606060606061)","(0.005172413793103448, 0.010344827586206896)","(0.006153846153846154, 0.012307692307692308)"
ndcg,"(0.0, 0.0)","(0.0043064997661729325, 0.008612999532345865)","(0.02201118358853458, 0.04402236717706916)","(0.02201118358853458, 0.04402236717706916)"
