,Top 50,Top 100,Top 200,Top N
precision,"(0.002898550724637681, 0.005797101449275362)","(0.003864734299516908, 0.007729468599033816)","(0.00966183574879227, 0.01932367149758454)","(0.02608695652173913, 0.05217391304347826)"
recall,"(0.012, 0.024)","(0.008, 0.016)","(0.01, 0.02)","(0.005027932960893855, 0.01005586592178771)"
f1,"(0.004669260700389106, 0.009338521400778212)","(0.005211726384364821, 0.010423452768729642)","(0.00982800982800983, 0.01965601965601966)","(0.008430913348946138, 0.016861826697892275)"
ndcg,"(0.007692076596697392, 0.015384153193394784)","(0.006104878238690041, 0.012209756477380082)","(0.00947396238232979, 0.01894792476465958)","(0.02452252510917527, 0.04904505021835054)"
