,Top 50,Top 100,Top 200,Top N
precision,"(0.031578947368421054, 0.06315789473684211)","(0.031578947368421054, 0.06315789473684211)","(0.042105263157894736, 0.08421052631578947)","(0.031578947368421054, 0.06315789473684211)"
recall,"(0.012, 0.024)","(0.006, 0.012)","(0.004, 0.008)","(0.005714285714285714, 0.011428571428571429)"
f1,"(0.017391304347826087, 0.034782608695652174)","(0.010084033613445377, 0.020168067226890754)","(0.007305936073059361, 0.014611872146118723)","(0.009677419354838708, 0.019354838709677417)"
ndcg,"(0.042951691032609304, 0.08590338206521861)","(0.042951691032609304, 0.08590338206521861)","(0.04932178737477423, 0.09864357474954846)","(0.042951691032609304, 0.08590338206521861)"
