,Top 50,Top 100,Top 200,Top N
precision,"(0.012, 0.009797958971132713)","(0.008, 0.0074833147735478825)","(0.004, 0.0037416573867739412)","(0.013333333333333332, 0.016329931618554522)"
recall,"(0.1, 0.0816496580927726)","(0.13333333333333333, 0.1247219128924647)","(0.13333333333333333, 0.1247219128924647)","(0.06666666666666667, 0.0816496580927726)"
f1,"(0.02142857142857143, 0.017496355305594128)","(0.01509433962264151, 0.014119461836882797)","(0.007766990291262136, 0.007265354149075615)","(0.02222222222222222, 0.02721655269759087)"
ndcg,"(0.04224683425004729, 0.03501438541521885)","(0.05148013386185629, 0.04748223421392801)","(0.05148013386185629, 0.04748223421392801)","(0.030142737710094757, 0.03700907710622404)"
