,Top 50,Top 100,Top 200,Top N
precision,"(0.008, 0.016)","(0.01, 0.006324555320336759)","(0.014000000000000002, 0.004898979485566356)","(0.010071942446043166, 0.007336718724593936)"
recall,"(0.015384615384615385, 0.03076923076923077)","(0.03912535612535613, 0.024376404686613912)","(0.11079746179746179, 0.03456070388710444)","(0.05394017094017094, 0.037553267984280915)"
f1,"(0.010526315789473686, 0.02105263157894737)","(0.015924619100031852, 0.010039813163572688)","(0.024850470655332062, 0.008589172923397927)","(0.016970412631440703, 0.012275370007239335)"
ndcg,"(0.009387594292519886, 0.018775188585039772)","(0.020202159395249865, 0.015087706922775822)","(0.04865991788454048, 0.018310976247768236)","(0.026909872362163568, 0.01973011731908245)"
