,Top 50,Top 100,Top 200,Top N
precision,"(0.052000000000000005, 0.009797958971132711)","(0.034, 0.01019803902718557)","(0.02, 0.00316227766016838)","(0.05185185185185185, 0.007407407407407408)"
recall,"(0.24, 0.04049283172967287)","(0.3145454545454546, 0.09119953602897783)","(0.3709090909090909, 0.05930729611018215)","(0.26, 0.04049283172967288)"
f1,"(0.08546448087431693, 0.0157983046990974)","(0.06135954135954136, 0.018337309455727143)","(0.03795080117354999, 0.005995274150082215)","(0.08644230769230768, 0.012464446479306772)"
ndcg,"(0.13002596586453435, 0.013713827137216469)","(0.1575371038941395, 0.02393180113633511)","(0.1757105765876091, 0.016587115391146098)","(0.1377108409616647, 0.016594646842561105)"
