,Top 50,Top 100,Top 200,Top N
precision,"(0.004, 0.008)","(0.002, 0.004)","(0.003, 0.002449489742783178)","(0.0, 0.0)"
recall,"(0.03333333333333333, 0.06666666666666667)","(0.03333333333333333, 0.06666666666666667)","(0.1, 0.0816496580927726)","(0.0, 0.0)"
f1,"(0.007142857142857143, 0.014285714285714285)","(0.0037735849056603774, 0.007547169811320754)","(0.005825242718446601, 0.004756290762685782)","(0.0, 0.0)"
ndcg,"(0.011153249138335725, 0.022306498276671447)","(0.011153249138335725, 0.022306498276671447)","(0.028025785354271138, 0.023433140052667976)","(0.0, 0.0)"
