,Top 50,Top 100,Top 200,Top N
precision,"(0.02, 0.04)","(0.04, 0.08)","(0.06, 0.12)","(0.02, 0.04)"
recall,"(0.004, 0.008)","(0.004, 0.008)","(0.003, 0.006)","(0.0037037037037037034, 0.007407407407407407)"
f1,"(0.006666666666666666, 0.013333333333333332)","(0.007272727272727273, 0.014545454545454545)","(0.005714285714285714, 0.011428571428571429)","(0.00625, 0.0125)"
ndcg,"(0.012724157639790342, 0.025448315279580684)","(0.027396942059662355, 0.05479388411932471)","(0.04635461493357251, 0.09270922986714503)","(0.012724157639790342, 0.025448315279580684)"
