,Top 50,Top 100,Top 200,Top N
precision,"(0.004, 0.008)","(0.008, 0.009797958971132711)","(0.005, 0.006324555320336759)","(0.00425531914893617, 0.00851063829787234)"
recall,"(0.02222222222222222, 0.04444444444444444)","(0.08444444444444445, 0.10366136701947201)","(0.10666666666666666, 0.13727506854649335)","(0.02222222222222222, 0.04444444444444444)"
f1,"(0.006779661016949154, 0.013559322033898308)","(0.014612176814011677, 0.017896499560492666)","(0.009551150603782182, 0.012090048454958468)","(0.007142857142857143, 0.014285714285714285)"
ndcg,"(0.01039205615830071, 0.02078411231660142)","(0.0328283653180964, 0.04062635397570551)","(0.039611064992504684, 0.05125902040411455)","(0.01039205615830071, 0.02078411231660142)"
