,Top 50,Top 100,Top 200,Top N
precision,"(0.003333333333333333, 0.006666666666666666)","(0.006666666666666666, 0.013333333333333332)","(0.013333333333333332, 0.026666666666666665)","(0.013333333333333332, 0.026666666666666665)"
recall,"(0.004, 0.008)","(0.004, 0.008)","(0.004, 0.008)","(0.0019801980198019802, 0.0039603960396039604)"
f1,"(0.0036363636363636364, 0.007272727272727273)","(0.005, 0.01)","(0.006153846153846154, 0.012307692307692308)","(0.0034482758620689663, 0.006896551724137933)"
ndcg,"(0.003793698439459879, 0.007587396878919758)","(0.0067258170360980874, 0.013451634072196175)","(0.011303663144111447, 0.022607326288222894)","(0.011303663144111447, 0.022607326288222894)"
