,Top 50,Top 100,Top 200,Top N
precision,"(0.016666666666666666, 0.03333333333333333)","(0.03333333333333333, 0.06666666666666667)","(0.03333333333333333, 0.06666666666666667)","(0.03333333333333333, 0.06666666666666667)"
recall,"(0.004, 0.008)","(0.004, 0.008)","(0.002, 0.004)","(0.006666666666666666, 0.013333333333333332)"
f1,"(0.0064516129032258064, 0.012903225806451613)","(0.007142857142857143, 0.014285714285714285)","(0.0037735849056603774, 0.007547169811320754)","(0.01111111111111111, 0.02222222222222222)"
ndcg,"(0.010612681235511618, 0.021225362471023235)","(0.025805004972858613, 0.051610009945717225)","(0.025805004972858613, 0.051610009945717225)","(0.025805004972858613, 0.051610009945717225)"
