,Top 50,Top 100,Top 200,Top N
precision,"(0.02, 0.012649110640673518)","(0.013999999999999999, 0.010198039027185569)","(0.009, 0.0037416573867739412)","(0.01647058823529412, 0.011997692973159493)"
recall,"(0.09139194139194139, 0.055092597995335744)","(0.13534798534798537, 0.10597481724448761)","(0.17423687423687423, 0.07633513708024947)","(0.13534798534798537, 0.10597481724448761)"
f1,"(0.03251677581049398, 0.020120039186989014)","(0.025207356120845494, 0.01828612718285147)","(0.017063931892465287, 0.007024902503134099)","(0.02914589412636413, 0.02113291085100849)"
ndcg,"(0.04177684283794443, 0.02397608424280274)","(0.052183806766270366, 0.0314277684339364)","(0.06113623393703865, 0.024618711617993217)","(0.052183806766270366, 0.0314277684339364)"
