,Top 50,Top 100,Top 200,Top N
precision,"(0.0, 0.0)","(0.010526315789473684, 0.021052631578947368)","(0.021052631578947368, 0.042105263157894736)","(0.010526315789473684, 0.021052631578947368)"
recall,"(0.0, 0.0)","(0.002, 0.004)","(0.002, 0.004)","(0.0017094017094017096, 0.0034188034188034192)"
f1,"(0.0, 0.0)","(0.0033613445378151267, 0.006722689075630253)","(0.0036529680365296807, 0.007305936073059361)","(0.0029411764705882357, 0.005882352941176471)"
ndcg,"(0.0, 0.0)","(0.0078152246119972, 0.0156304492239944)","(0.014041143350935906, 0.028082286701871812)","(0.0078152246119972, 0.0156304492239944)"
