,Top 50,Top 100,Top 200,Top N
precision,"(0.01, 0.02)","(0.02, 0.04)","(0.02, 0.04)","(0.02, 0.04)"
recall,"(0.004, 0.008)","(0.004, 0.008)","(0.002, 0.004)","(0.003669724770642202, 0.007339449541284405)"
f1,"(0.005714285714285714, 0.011428571428571429)","(0.006666666666666666, 0.013333333333333332)","(0.0036363636363636364, 0.007272727272727273)","(0.006201550387596899, 0.012403100775193798)"
ndcg,"(0.0068827745870854605, 0.013765549174170921)","(0.015567869135320897, 0.031135738270641793)","(0.015567869135320897, 0.031135738270641793)","(0.015567869135320897, 0.031135738270641793)"
