,Top 50,Top 100,Top 200,Top N
precision,"(0.0, 0.0)","(0.0, 0.0)","(0.05, 0.1)","(0.0, 0.0)"
recall,"(0.0, 0.0)","(0.0, 0.0)","(0.001, 0.002)","(0.0, 0.0)"
f1,"(0.0, 0.0)","(0.0, 0.0)","(0.00196078431372549, 0.00392156862745098)","(0.0, 0.0)"
ndcg,"(0.0, 0.0)","(0.0, 0.0)","(0.033625507254223495, 0.06725101450844699)","(0.0, 0.0)"
