,Top 25,Top 50,Top 100,Top 200
precision,0.36,0.28,0.2,0.15
recall,0.018329938900203666,0.028513238289205704,0.04073319755600815,0.06109979633401222
f1,0.03488372093023256,0.05175600739371534,0.0676818950930626,0.08683068017366136
ndcg,0.41783953816659974,0.3389083310429394,0.2554419891716986,0.19355790775709372
