,Top 50,Top 100,Top 200,Top N
precision,"(0.0, 0.0)","(0.0125, 0.025)","(0.025, 0.05)","(0.0125, 0.025)"
recall,"(0.0, 0.0)","(0.002, 0.004)","(0.002, 0.004)","(0.002352941176470588, 0.004705882352941176)"
f1,"(0.0, 0.0)","(0.0034482758620689663, 0.006896551724137933)","(0.0037037037037037034, 0.007407407407407407)","(0.0039603960396039604, 0.007920792079207921)"
ndcg,"(0.0, 0.0)","(0.010505618052015312, 0.021011236104030624)","(0.018216233507153012, 0.036432467014306025)","(0.010505618052015312, 0.021011236104030624)"
