,Top 50,Top 100,Top 200,Top N
precision,"(0.0, 0.0)","(0.003333333333333333, 0.006666666666666666)","(0.003333333333333333, 0.006666666666666666)","(0.01, 0.02)"
recall,"(0.0, 0.0)","(0.002, 0.004)","(0.001, 0.002)","(0.0014851485148514852, 0.0029702970297029703)"
f1,"(0.0, 0.0)","(0.0025, 0.005)","(0.0015384615384615385, 0.003076923076923077)","(0.002586206896551724, 0.005172413793103448)"
ndcg,"(0.0, 0.0)","(0.0024745307435428453, 0.004949061487085691)","(0.0024745307435428453, 0.004949061487085691)","(0.00843515690503813, 0.01687031381007626)"
