,Top 50,Top 100,Top 200,Top N
precision,"(0.08571428571428572, 0.17142857142857143)","(0.08571428571428572, 0.17142857142857143)","(0.11428571428571428, 0.22857142857142856)","(0.08571428571428572, 0.17142857142857143)"
recall,"(0.012, 0.024)","(0.006, 0.012)","(0.004, 0.008)","(0.016666666666666666, 0.03333333333333333)"
f1,"(0.021052631578947368, 0.042105263157894736)","(0.011214953271028037, 0.022429906542056073)","(0.007729468599033816, 0.015458937198067632)","(0.027906976744186046, 0.05581395348837209)"
ndcg,"(0.10798588684145878, 0.21597177368291756)","(0.10798588684145878, 0.21597177368291756)","(0.13166244543253136, 0.2633248908650627)","(0.10798588684145878, 0.21597177368291756)"
