,Top 50,Top 100,Top 200,Top N
precision,"(0.02, 0.012649110640673518)","(0.018, 0.004)","(0.009, 0.002)","(0.008144796380090498, 0.0018099547511312218)"
recall,"(0.02863772863772864, 0.017622881299367024)","(0.05128525654841445, 0.012508113476353609)","(0.05128525654841445, 0.012508113476353609)","(0.05128525654841445, 0.012508113476353609)"
f1,"(0.023538580947688105, 0.014715641707258753)","(0.026629237607618837, 0.0060296151266131396)","(0.015305891549069445, 0.0034362708092356697)","(0.014051243751053582, 0.003151770521727328)"
ndcg,"(0.04035517517361398, 0.031834630666539104)","(0.05070169931564491, 0.029236874581221508)","(0.05070169931564491, 0.029236874581221508)","(0.05070169931564491, 0.029236874581221508)"
