,Top 50,Top 100,Top 200,Top N
precision,"(0.007407407407407407, 0.014814814814814814)","(0.007407407407407407, 0.014814814814814814)","(0.007407407407407407, 0.014814814814814814)","(0.007407407407407407, 0.014814814814814814)"
recall,"(0.004, 0.008)","(0.002, 0.004)","(0.001, 0.002)","(0.0014388489208633094, 0.0028776978417266188)"
f1,"(0.005194805194805195, 0.01038961038961039)","(0.0031496062992125984, 0.006299212598425197)","(0.001762114537444934, 0.003524229074889868)","(0.0024096385542168677, 0.004819277108433735)"
ndcg,"(0.005412298843895018, 0.010824597687790037)","(0.005412298843895018, 0.010824597687790037)","(0.005412298843895018, 0.010824597687790037)","(0.005412298843895018, 0.010824597687790037)"
