,Top 50,Top 100,Top 200,Top N
precision,"(0.02, 0.021908902300206645)","(0.012, 0.009797958971132711)","(0.01, 0.004472135954999579)","(0.008208955223880597, 0.0027922816319208518)"
recall,"(0.019459859415464298, 0.021481354978722667)","(0.023306013261618144, 0.01925951668869774)","(0.03908655624804348, 0.017191346581507613)","(0.04325322291471015, 0.0145902930324939)"
f1,"(0.019725079304046905, 0.021692527715904786)","(0.015841984522401965, 0.012988235425936094)","(0.015923963145735243, 0.0070984754608182064)","(0.013797343965112396, 0.00468573359266008)"
ndcg,"(0.032354908505800625, 0.02881302437811034)","(0.03324797355692362, 0.02492631131158911)","(0.041520868883859925, 0.019887963187315047)","(0.04338868149896252, 0.01703903442865605)"
