,Top 50,Top 100,Top 200,Top N
precision,"(0.004081632653061224, 0.008163265306122448)","(0.004081632653061224, 0.008163265306122448)","(0.004081632653061224, 0.008163265306122448)","(0.008163265306122448, 0.016326530612244896)"
recall,"(0.008, 0.016)","(0.004, 0.008)","(0.002, 0.004)","(0.0015238095238095239, 0.0030476190476190477)"
f1,"(0.005405405405405404, 0.010810810810810808)","(0.00404040404040404, 0.00808080808080808)","(0.0026845637583892616, 0.005369127516778523)","(0.0025682182985553776, 0.005136436597110756)"
ndcg,"(0.00705072577427521, 0.014101451548550421)","(0.0043430825641597465, 0.008686165128319493)","(0.004193624450580778, 0.008387248901161557)","(0.007086568818625858, 0.014173137637251716)"
