,Top 50,Top 100,Top 200,Top N
precision,"(0.01818181818181818, 0.03636363636363636)","(0.01818181818181818, 0.03636363636363636)","(0.01818181818181818, 0.03636363636363636)","(0.01818181818181818, 0.03636363636363636)"
recall,"(0.004, 0.008)","(0.002, 0.004)","(0.001, 0.002)","(0.0034482758620689655, 0.006896551724137931)"
f1,"(0.006557377049180327, 0.013114754098360654)","(0.0036036036036036037, 0.007207207207207207)","(0.001895734597156398, 0.0037914691943127963)","(0.0057971014492753615, 0.011594202898550723)"
ndcg,"(0.013824081927644389, 0.027648163855288777)","(0.013824081927644389, 0.027648163855288777)","(0.013824081927644389, 0.027648163855288777)","(0.013824081927644389, 0.027648163855288777)"
