,Top 50,Top 100,Top 200,Top N
precision,"(0.024, 0.019595917942265423)","(0.016, 0.014966629547095765)","(0.008, 0.0074833147735478825)","(0.02222222222222222, 0.018144368465060578)"
recall,"(0.10909090909090909, 0.08907235428302467)","(0.14545454545454545, 0.1360602686099615)","(0.14545454545454545, 0.1360602686099615)","(0.10909090909090909, 0.08907235428302467)"
f1,"(0.039344262295081964, 0.03212445564305807)","(0.02882882882882883, 0.026966900084857234)","(0.015165876777251184, 0.014186378717626317)","(0.03692307692307692, 0.030147566065023727)"
ndcg,"(0.11947445010965659, 0.10969280625968156)","(0.13271078732061806, 0.11143318008269484)","(0.13271078732061806, 0.11143318008269484)","(0.11947445010965659, 0.10969280625968156)"
