,Top 50,Top 100,Top 200,Top N
precision,"(0.008, 0.009797958971132713)","(0.004, 0.004898979485566357)","(0.002, 0.0024494897427831783)","(0.01818181818181818, 0.022268088570756166)"
recall,"(0.09, 0.11135528725660043)","(0.09, 0.11135528725660043)","(0.09, 0.11135528725660043)","(0.09, 0.11135528725660043)"
f1,"(0.014680134680134679, 0.017980680693094827)","(0.007655677655677656, 0.009376430821502496)","(0.003912003825920612, 0.004791230490656554)","(0.0301994301994302, 0.03699756827520895)"
ndcg,"(0.06825167496775146, 0.08502194187880242)","(0.06825167496775146, 0.08502194187880242)","(0.06825167496775146, 0.08502194187880242)","(0.06825167496775146, 0.08502194187880242)"
