,Top 50,Top 100,Top 200,Top N
precision,"(0.021052631578947368, 0.042105263157894736)","(0.031578947368421054, 0.06315789473684211)","(0.031578947368421054, 0.06315789473684211)","(0.031578947368421054, 0.06315789473684211)"
recall,"(0.008, 0.016)","(0.006, 0.012)","(0.003, 0.006)","(0.005128205128205128, 0.010256410256410256)"
f1,"(0.011594202898550725, 0.02318840579710145)","(0.010084033613445377, 0.020168067226890754)","(0.00547945205479452, 0.01095890410958904)","(0.008823529411764706, 0.01764705882352941)"
ndcg,"(0.01920672584216305, 0.0384134516843261)","(0.027021950454160247, 0.054043900908320494)","(0.027021950454160247, 0.054043900908320494)","(0.027021950454160247, 0.054043900908320494)"
