,Top 50,Top 100,Top 200,Top N
precision,"(0.032, 0.027129319932501072)","(0.032, 0.020396078054371138)","(0.024, 0.015937377450509226)","(0.01818181818181818, 0.012158565713985043)"
recall,"(0.02759246889872255, 0.023301324717269728)","(0.054829951852161087, 0.03468114321818565)","(0.08242242075088364, 0.05441737359029018)","(0.09270880298349615, 0.0616538690081472)"
f1,"(0.029631552965463305, 0.025069686426275998)","(0.0404116067437061, 0.02568636939578455)","(0.03717371265336382, 0.02465419271856044)","(0.03040050513237909, 0.020311550144361167)"
ndcg,"(0.027207402780843153, 0.023624796419765833)","(0.04205028102430713, 0.028801606764361134)","(0.0575321374500181, 0.04000393196685895)","(0.06272993848857099, 0.04367737023670924)"
