,Top 50,Top 100,Top 200,Top N
precision,"(0.031578947368421054, 0.06315789473684211)","(0.031578947368421054, 0.06315789473684211)","(0.031578947368421054, 0.06315789473684211)","(0.031578947368421054, 0.06315789473684211)"
recall,"(0.012, 0.024)","(0.006, 0.012)","(0.003, 0.006)","(0.004724409448818898, 0.009448818897637795)"
f1,"(0.017391304347826087, 0.034782608695652174)","(0.010084033613445377, 0.020168067226890754)","(0.00547945205479452, 0.01095890410958904)","(0.00821917808219178, 0.01643835616438356)"
ndcg,"(0.020903995891389852, 0.041807991782779705)","(0.020903995891389852, 0.041807991782779705)","(0.020903995891389852, 0.041807991782779705)","(0.020903995891389852, 0.041807991782779705)"
