,Top 50,Top 100,Top 200,Top N
precision,"(0.0036585365853658534, 0.007317073170731707)","(0.007317073170731707, 0.014634146341463414)","(0.01097560975609756, 0.02195121951219512)","(0.01707317073170732, 0.03414634146341464)"
recall,"(0.012, 0.024)","(0.012, 0.024)","(0.009, 0.018)","(0.0031710079275198188, 0.0063420158550396375)"
f1,"(0.005607476635514018, 0.011214953271028037)","(0.00909090909090909, 0.01818181818181818)","(0.00989010989010989, 0.01978021978021978)","(0.005348615090735436, 0.010697230181470872)"
ndcg,"(0.012458205596942218, 0.024916411193884436)","(0.011686975496776967, 0.023373950993553935)","(0.010679833873376286, 0.021359667746752572)","(0.015321293266458463, 0.030642586532916925)"
