,Top 50,Top 100,Top 200,Top N
precision,"(0.004, 0.008)","(0.004, 0.004898979485566356)","(0.002, 0.002449489742783178)","(0.005970149253731343, 0.007311909679949784)"
recall,"(0.016666666666666666, 0.03333333333333333)","(0.030952380952380953, 0.03809523809523809)","(0.030952380952380953, 0.03809523809523809)","(0.030952380952380953, 0.03809523809523809)"
f1,"(0.0064516129032258064, 0.012903225806451613)","(0.007080200501253134, 0.008672005151276169)","(0.0037559513313348615, 0.0046001666233293015)","(0.010001562744178776, 0.012250957542107076)"
ndcg,"(0.008955929176700385, 0.01791185835340077)","(0.014989909163637741, 0.018931205264590474)","(0.014989909163637741, 0.018931205264590474)","(0.014989909163637741, 0.018931205264590474)"
