,Top 50,Top 100,Top 200,Top N
precision,"(0.006763285024154589, 0.013526570048309178)","(0.00966183574879227, 0.01932367149758454)","(0.010628019323671498, 0.021256038647342997)","(0.027053140096618356, 0.05410628019323671)"
recall,"(0.028000000000000004, 0.05600000000000001)","(0.02, 0.04)","(0.011, 0.022)","(0.0052141527001862194, 0.010428305400372439)"
f1,"(0.010894941634241245, 0.021789883268482493)","(0.013029315960912054, 0.02605863192182411)","(0.01081081081081081, 0.02162162162162162)","(0.008743169398907104, 0.017486338797814208)"
ndcg,"(0.019322879183580263, 0.038645758367160526)","(0.01737580468110034, 0.03475160936220068)","(0.011374417663315648, 0.022748835326631297)","(0.02610554153007617, 0.05221108306015234)"
