,Top 50,Top 100,Top 200,Top N
precision,"(0.02, 0.0)","(0.018000000000000002, 0.0116619037896906)","(0.013999999999999999, 0.007348469228349535)","(0.013496932515337423, 0.009016526660551576)"
recall,"(0.03126221896383187, 0.0006184171990285707)","(0.05686705767350928, 0.03809897905341586)","(0.08812927663734116, 0.04766891699472318)","(0.06956867057673509, 0.04800605102410218)"
f1,"(0.02439169505483542, 0.00018815521321727157)","(0.027342471376219868, 0.017859856638691683)","(0.024160450570099825, 0.012733829635260046)","(0.022606504933456333, 0.0151830762381954)"
ndcg,"(0.039959097488259224, 0.01648235355562112)","(0.05422082459774315, 0.028538480012380067)","(0.06823199800013659, 0.029984544382362133)","(0.0600483277932824, 0.03264955631198838)"
