,Top 50,Top 100,Top 200,Top N
precision,"(0.024, 0.0233238075793812)","(0.014000000000000002, 0.011999999999999999)","(0.01, 0.005477225575051661)","(0.011538461538461539, 0.008504166129116409)"
recall,"(0.039569892473118276, 0.03858642265032448)","(0.04623655913978495, 0.03979366367731743)","(0.06602150537634409, 0.03672070561460902)","(0.059354838709677414, 0.044294811124096306)"
f1,"(0.029876543209876545, 0.02907099404408408)","(0.021491485613623018, 0.01843827490503786)","(0.017368718238283454, 0.009532527521382922)","(0.019320338105916858, 0.014268594033218505)"
ndcg,"(0.0487855895318873, 0.05999187710143637)","(0.05219465932376852, 0.05885902345766378)","(0.061156122629372756, 0.05959434667469063)","(0.05834504924844401, 0.06203146017202803)"
