,Top 50,Top 100,Top 200,Top N
precision,"(0.0, 0.0)","(0.03333333333333333, 0.06666666666666667)","(0.03333333333333333, 0.06666666666666667)","(0.0, 0.0)"
recall,"(0.0, 0.0)","(0.002, 0.004)","(0.001, 0.002)","(0.0, 0.0)"
f1,"(0.0, 0.0)","(0.0037735849056603774, 0.007547169811320754)","(0.001941747572815534, 0.003883495145631068)","(0.0, 0.0)"
ndcg,"(0.0, 0.0)","(0.021557830904902188, 0.043115661809804376)","(0.021557830904902188, 0.043115661809804376)","(0.0, 0.0)"
