,Top 50,Top 100,Top 200,Top N
precision,"(0.076, 0.019595917942265426)","(0.05, 0.02)","(0.031, 0.014628738838327791)","(0.01775147928994083, 0.005851044171278629)"
recall,"(0.03894815501958359, 0.00986798898775628)","(0.051278086992372705, 0.020457396343243804)","(0.06354488765203051, 0.02986375635168968)","(0.09235209235209235, 0.03057531902782097)"
f1,"(0.05150093552226494, 0.013124690701694836)","(0.05062935787989629, 0.020224236635354213)","(0.04166991731917323, 0.019636947714165846)","(0.029778424246766598, 0.009821482058127651)"
ndcg,"(0.08991212870891836, 0.04373148439293604)","(0.06446779271341681, 0.02477038844551966)","(0.07183735970232366, 0.02781761272451986)","(0.08762529880119299, 0.028995937969436163)"
