,Top 50,Top 100,Top 200,Top N
precision,"(0.03, 0.06)","(0.03, 0.06)","(0.03, 0.06)","(0.03, 0.06)"
recall,"(0.012, 0.024)","(0.006, 0.012)","(0.003, 0.006)","(0.005504587155963303, 0.011009174311926606)"
f1,"(0.017142857142857144, 0.03428571428571429)","(0.009999999999999998, 0.019999999999999997)","(0.005454545454545455, 0.01090909090909091)","(0.00930232558139535, 0.0186046511627907)"
ndcg,"(0.022393059763115626, 0.04478611952623125)","(0.022393059763115626, 0.04478611952623125)","(0.022393059763115626, 0.04478611952623125)","(0.022393059763115626, 0.04478611952623125)"
