,Top 50,Top 100,Top 200,Top N
precision,"(0.025, 0.05)","(0.025, 0.05)","(0.025, 0.05)","(0.025, 0.05)"
recall,"(0.004, 0.008)","(0.002, 0.004)","(0.001, 0.002)","(0.0047619047619047615, 0.009523809523809523)"
f1,"(0.006896551724137933, 0.013793103448275865)","(0.0037037037037037034, 0.007407407407407407)","(0.0019230769230769232, 0.0038461538461538464)","(0.008, 0.016)"
ndcg,"(0.019570318927032086, 0.03914063785406417)","(0.019570318927032086, 0.03914063785406417)","(0.019570318927032086, 0.03914063785406417)","(0.019570318927032086, 0.03914063785406417)"
