,Top 50,Top 100,Top 200,Top N
precision,"(0.0, 0.0)","(0.015384615384615385, 0.03076923076923077)","(0.015384615384615385, 0.03076923076923077)","(0.015384615384615385, 0.03076923076923077)"
recall,"(0.0, 0.0)","(0.002, 0.004)","(0.001, 0.002)","(0.002352941176470588, 0.004705882352941176)"
f1,"(0.0, 0.0)","(0.0035398230088495583, 0.0070796460176991175)","(0.0018779342723004694, 0.0037558685446009393)","(0.004081632653061224, 0.008163265306122448)"
ndcg,"(0.0, 0.0)","(0.009487518469936835, 0.01897503693987367)","(0.009487518469936835, 0.01897503693987367)","(0.009487518469936835, 0.01897503693987367)"
