,Top 50,Top 100,Top 200,Top N
precision,"(0.05, 0.1)","(0.05, 0.1)","(0.05, 0.1)","(0.05, 0.1)"
recall,"(0.008, 0.016)","(0.004, 0.008)","(0.002, 0.004)","(0.009302325581395349, 0.018604651162790697)"
f1,"(0.013793103448275865, 0.02758620689655173)","(0.007407407407407407, 0.014814814814814814)","(0.0038461538461538464, 0.007692307692307693)","(0.015686274509803925, 0.03137254901960785)"
ndcg,"(0.07588281083029715, 0.1517656216605943)","(0.07588281083029715, 0.1517656216605943)","(0.07588281083029715, 0.1517656216605943)","(0.07588281083029715, 0.1517656216605943)"
