,Top 50,Top 100,Top 200,Top N
precision,"(0.010526315789473684, 0.021052631578947368)","(0.010526315789473684, 0.021052631578947368)","(0.010526315789473684, 0.021052631578947368)","(0.010526315789473684, 0.021052631578947368)"
recall,"(0.004, 0.008)","(0.002, 0.004)","(0.001, 0.002)","(0.001904761904761905, 0.00380952380952381)"
f1,"(0.005797101449275362, 0.011594202898550725)","(0.0033613445378151267, 0.006722689075630253)","(0.0018264840182648403, 0.0036529680365296807)","(0.0032258064516129032, 0.0064516129032258064)"
ndcg,"(0.027531098348341842, 0.055062196696683684)","(0.027531098348341842, 0.055062196696683684)","(0.027531098348341842, 0.055062196696683684)","(0.027531098348341842, 0.055062196696683684)"
