,Top 50,Top 100,Top 200,Top N
precision,"(0.016666666666666666, 0.03333333333333333)","(0.016666666666666666, 0.03333333333333333)","(0.016666666666666666, 0.03333333333333333)","(0.016666666666666666, 0.03333333333333333)"
recall,"(0.004, 0.008)","(0.002, 0.004)","(0.001, 0.002)","(0.0029850746268656717, 0.005970149253731343)"
f1,"(0.0064516129032258064, 0.012903225806451613)","(0.0035714285714285713, 0.007142857142857143)","(0.0018867924528301887, 0.003773584905660377)","(0.005063291139240506, 0.010126582278481013)"
ndcg,"(0.02356242054185977, 0.04712484108371954)","(0.02356242054185977, 0.04712484108371954)","(0.02356242054185977, 0.04712484108371954)","(0.02356242054185977, 0.04712484108371954)"
