,Top 50,Top 100,Top 200,Top N
precision,"(0.028000000000000004, 0.023999999999999997)","(0.014000000000000002, 0.011999999999999999)","(0.008, 0.006782329983125268)","(0.014141414141414144, 0.012121212121212123)"
recall,"(0.07575163398692811, 0.06323758250237758)","(0.07575163398692811, 0.06323758250237758)","(0.08751633986928105, 0.07442042569601286)","(0.07575163398692811, 0.06323758250237758)"
f1,"(0.040847861532672766, 0.03472369692353567)","(0.023617267854555993, 0.020144677037329122)","(0.014654224142238348, 0.012419758308936506)","(0.02381819217519015, 0.020315237036229245)"
ndcg,"(0.07950001610809565, 0.07030256413449908)","(0.07950001610809565, 0.07030256413449908)","(0.08369730249445122, 0.07627981128306477)","(0.07950001610809565, 0.07030256413449908)"
