,Top 50,Top 100,Top 200,Top N
precision,"(0.024, 0.019595917942265423)","(0.013999999999999999, 0.010198039027185569)","(0.006999999999999999, 0.005099019513592784)","(0.02222222222222222, 0.018144368465060578)"
recall,"(0.11090909090909092, 0.08877494993260875)","(0.1290909090909091, 0.09206537382670663)","(0.1290909090909091, 0.09206537382670663)","(0.11090909090909092, 0.08877494993260875)"
f1,"(0.039453551912568295, 0.03210288337183951)","(0.025257985257985255, 0.018362107951433015)","(0.01327916948770029, 0.009662863120524457)","(0.03701923076923076, 0.030128546097361358)"
ndcg,"(0.12887165518146404, 0.11463661281861788)","(0.13526000765456306, 0.11961452801708443)","(0.13526000765456306, 0.11961452801708443)","(0.12887165518146404, 0.11463661281861788)"
