,Top 50,Top 100,Top 200,Top N
precision,"(0.024, 0.0233238075793812)","(0.014000000000000002, 0.010198039027185569)","(0.007000000000000001, 0.005099019513592784)","(0.02553191489361702, 0.024812561254660852)"
recall,"(0.12444444444444444, 0.11995884067791804)","(0.14666666666666667, 0.1040892304767144)","(0.14666666666666667, 0.1040892304767144)","(0.12444444444444444, 0.11995884067791804)"
f1,"(0.04022598870056497, 0.039030348773474235)","(0.02555462885738115, 0.018568520836661037)","(0.013360674413305993, 0.009719633225434928)","(0.04235588972431077, 0.04109358660463073)"
ndcg,"(0.061179395221368435, 0.05491278050310324)","(0.06831825286524247, 0.04843309436710272)","(0.06831825286524247, 0.04843309436710272)","(0.061179395221368435, 0.05491278050310324)"
