,Top 50,Top 100,Top 200,Top N
precision,"(0.02, 0.01788854381999832)","(0.01, 0.00894427190999916)","(0.007000000000000001, 0.004)","(0.011363636363636364, 0.010163945352271771)"
recall,"(0.0696969696969697, 0.06957242568776795)","(0.0696969696969697, 0.06957242568776795)","(0.09826839826839827, 0.0642101592884256)","(0.0696969696969697, 0.06957242568776795)"
f1,"(0.030761812921890064, 0.027906032397586763)","(0.017376698732630938, 0.015653858683982846)","(0.013034374107285446, 0.007484943719023833)","(0.019401562797789214, 0.017495005950367765)"
ndcg,"(0.04052794980238521, 0.038794908212637064)","(0.04052794980238521, 0.038794908212637064)","(0.049679384410968114, 0.033140038623011486)","(0.04052794980238521, 0.038794908212637064)"
