,Top 50,Top 100,Top 200,Top N
precision,"(0.012, 0.016)","(0.012, 0.0074833147735478825)","(0.008, 0.005099019513592784)","(0.009523809523809523, 0.008908708063747479)"
recall,"(0.03676470588235294, 0.04965277357686509)","(0.07352941176470588, 0.04719648981141533)","(0.09779411764705882, 0.06366135535856872)","(0.04852941176470588, 0.04641098187664559)"
f1,"(0.018091361374943465, 0.024197829873718976)","(0.020630710285882703, 0.012918212651187158)","(0.014789213176309952, 0.009441016660501024)","(0.015920792079207918, 0.014945760183936369)"
ndcg,"(0.024087256989447997, 0.03153824700612077)","(0.03909221172629969, 0.025953800143609602)","(0.04791242356528776, 0.030376403022908234)","(0.0290584872459534, 0.02922373938748316)"
