,Top 50,Top 100,Top 200,Top N
precision,"(0.006153846153846154, 0.012307692307692308)","(0.009230769230769232, 0.018461538461538463)","(0.012307692307692308, 0.024615384615384615)","(0.016923076923076923, 0.033846153846153845)"
recall,"(0.016, 0.032)","(0.012, 0.024)","(0.008, 0.016)","(0.003133903133903134, 0.006267806267806268)"
f1,"(0.008888888888888889, 0.017777777777777778)","(0.010434782608695653, 0.020869565217391306)","(0.009696969696969695, 0.01939393939393939)","(0.005288461538461539, 0.010576923076923078)"
ndcg,"(0.009934793262009804, 0.019869586524019607)","(0.00881098833945899, 0.01762197667891798)","(0.00939718411306156, 0.01879436822612312)","(0.013710181355254963, 0.027420362710509925)"
