,Top 50,Top 100,Top 200,Top N
precision,"(0.01818181818181818, 0.03636363636363636)","(0.01818181818181818, 0.03636363636363636)","(0.01818181818181818, 0.03636363636363636)","(0.01818181818181818, 0.03636363636363636)"
recall,"(0.004, 0.008)","(0.002, 0.004)","(0.001, 0.002)","(0.003508771929824561, 0.007017543859649122)"
f1,"(0.006557377049180327, 0.013114754098360654)","(0.0036036036036036037, 0.007207207207207207)","(0.001895734597156398, 0.0037914691943127963)","(0.0058823529411764705, 0.011764705882352941)"
ndcg,"(0.016043654703448575, 0.03208730940689715)","(0.016043654703448575, 0.03208730940689715)","(0.016043654703448575, 0.03208730940689715)","(0.016043654703448575, 0.03208730940689715)"
