,Top 50,Top 100,Top 200,Top N
precision,"(0.02, 0.04)","(0.02, 0.04)","(0.02, 0.04)","(0.02, 0.04)"
recall,"(0.004, 0.008)","(0.002, 0.004)","(0.001, 0.002)","(0.0037037037037037034, 0.007407407407407407)"
f1,"(0.006666666666666666, 0.013333333333333332)","(0.0036363636363636364, 0.007272727272727273)","(0.0019047619047619045, 0.003809523809523809)","(0.00625, 0.0125)"
ndcg,"(0.012724157639790342, 0.025448315279580684)","(0.012724157639790342, 0.025448315279580684)","(0.012724157639790342, 0.025448315279580684)","(0.012724157639790342, 0.025448315279580684)"
