,Top 25,Top 50,Top 100,Top 200
precision,"(0.008, 0.016)","(0.004, 0.008)","(0.006, 0.008)","(0.003, 0.004)"
recall,"(0.04, 0.08)","(0.04, 0.08)","(0.12000000000000002, 0.16)","(0.12000000000000002, 0.16)"
f1,"(0.013333333333333332, 0.026666666666666665)","(0.007272727272727273, 0.014545454545454545)","(0.011428571428571427, 0.015238095238095236)","(0.005853658536585366, 0.007804878048780488)"
ndcg,"(0.020419479024582327, 0.04083895804916465)","(0.020419479024582327, 0.04083895804916465)","(0.04164941160554385, 0.05996345818357081)","(0.04164941160554385, 0.05996345818357081)"
