,Top 25,Top 50,Top 100,Top 200
precision,"(0.0, 0.0)","(0.004, 0.008)","(0.006, 0.008)","(0.003, 0.004)"
recall,"(0.0, 0.0)","(0.01818181818181818, 0.03636363636363636)","(0.05636363636363637, 0.07372049066441198)","(0.05636363636363637, 0.07372049066441198)"
f1,"(0.0, 0.0)","(0.006557377049180327, 0.013114754098360652)","(0.010843570843570844, 0.014430933874074011)","(0.0056962310990747, 0.007587472180654756)"
ndcg,"(0.0, 0.0)","(0.007425698163161897, 0.014851396326323794)","(0.021003925608489054, 0.028476334023118673)","(0.021003925608489054, 0.028476334023118673)"
