,Top 50,Top 100,Top 200,Top N
precision,"(0.001379310344827586, 0.002758620689655172)","(0.004137931034482759, 0.008275862068965517)","(0.006896551724137931, 0.013793103448275862)","(0.013793103448275862, 0.027586206896551724)"
recall,"(0.004, 0.008)","(0.006, 0.012)","(0.005, 0.01)","(0.0025839793281653744, 0.005167958656330749)"
f1,"(0.0020512820512820513, 0.0041025641025641026)","(0.004897959183673469, 0.009795918367346938)","(0.005797101449275362, 0.011594202898550725)","(0.004352557127312295, 0.00870511425462459)"
ndcg,"(0.0026821720443940193, 0.005364344088788039)","(0.005618381645395272, 0.011236763290790545)","(0.006148221645368066, 0.012296443290736132)","(0.011841272975173912, 0.023682545950347824)"
