,Top 50,Top 100,Top 200,Top N
precision,"(0.008333333333333333, 0.016666666666666666)","(0.0125, 0.025)","(0.014583333333333334, 0.029166666666666667)","(0.025, 0.05)"
recall,"(0.016, 0.032)","(0.012, 0.024)","(0.007000000000000001, 0.014000000000000002)","(0.004733727810650888, 0.009467455621301775)"
f1,"(0.010958904109589041, 0.021917808219178082)","(0.012244897959183673, 0.024489795918367346)","(0.00945945945945946, 0.01891891891891892)","(0.007960199004975124, 0.015920398009950248)"
ndcg,"(0.011458954881718865, 0.02291790976343773)","(0.012921722707667607, 0.025843445415335214)","(0.014802665214405162, 0.029605330428810323)","(0.03252308072562231, 0.06504616145124462)"
