,Top 50,Top 100,Top 200,Top N
precision,"(0.0, 0.0)","(0.016666666666666666, 0.03333333333333333)","(0.016666666666666666, 0.03333333333333333)","(0.0, 0.0)"
recall,"(0.0, 0.0)","(0.002, 0.004)","(0.001, 0.002)","(0.0, 0.0)"
f1,"(0.0, 0.0)","(0.0035714285714285713, 0.007142857142857143)","(0.0018867924528301887, 0.003773584905660377)","(0.0, 0.0)"
ndcg,"(0.0, 0.0)","(0.01182192571244967, 0.02364385142489934)","(0.01182192571244967, 0.02364385142489934)","(0.0, 0.0)"
