,Top 50,Top 100,Top 200,Top N
precision,0.0,0.01818181818181818,0.01818181818181818,0.0
recall,0.0,0.002,0.001,0.0
f1,0.0,0.0036036036036036037,0.001895734597156398,0.0
ndcg,0.0,0.04147224578293317,0.04147224578293317,0.0
