,Top 25,Top 50,Top 100,Top 200
precision,0.16,0.08,0.06,0.065
recall,0.005772005772005772,0.005772005772005772,0.008658008658008658,0.01875901875901876
f1,0.011142061281337047,0.010767160161507403,0.015132408575031528,0.02911534154535275
ndcg,0.26025574043882843,0.16408610070137933,0.11594198842983032,0.09798224539595544
