,Top 50,Top 100,Top 200,Top N
precision,0.38,0.35,0.32,0.4375
recall,0.007557677008750994,0.01392203659506762,0.02545743834526651,0.005568814638027049
f1,0.014820592823712949,0.02677888293802601,0.04716285924834193,0.010997643362136687
ndcg,0.46412108668652186,0.4110882558157764,0.3635442274440946,0.530291816152779
