,Top 50,Top 100,Top 200,Top N
precision,0.62,0.62,0.555,0.46153846153846156
recall,0.007021517553793885,0.01404303510758777,0.025141562853907135,0.053001132502831255
f1,0.013885778275475923,0.027464008859357694,0.04810400866738895,0.09508329947175945
ndcg,0.6745572760618734,0.6548766463791452,0.5894431819475896,0.4939048295750727
