,Top 25,Top 50,Top 100,Top 200
precision,0.0,0.0,0.01,0.02
recall,0.0,0.0,0.01818181818181818,0.07272727272727272
f1,0.0,0.0,0.012903225806451611,0.03137254901960784
ndcg,0.0,0.0,0.011525294533148598,0.041224816797434685
