,Top 25,Top 50,Top 100,Top 200
precision,0.48,0.5,0.48,0.455
recall,0.0056925996204933585,0.011859582542694497,0.022770398481973434,0.04316888045540797
f1,0.011251758087201125,0.023169601482854497,0.04347826086956521,0.07885615251299827
ndcg,0.5824919069828143,0.5590580987917606,0.5204571881802383,0.48584492776896715
