,Top 25,Top 50,Top 100,Top 200
precision,0.36,0.36,0.33,0.255
recall,0.009127789046653144,0.018255578093306288,0.033468559837728194,0.05172413793103448
f1,0.017804154302670624,0.03474903474903475,0.06077348066298342,0.08600337268128162
ndcg,0.3422544937956355,0.3501652692188079,0.3292776540635546,0.26990794586279476
