,Top 50,Top 100,Top 200,Top N
precision,0.08,0.04,0.025,0.0390625
recall,0.04597701149425287,0.04597701149425287,0.05747126436781609,0.05747126436781609
f1,0.0583941605839416,0.0427807486631016,0.03484320557491289,0.046511627906976744
ndcg,0.1726592319299307,0.11032826203619679,0.11767727795371917,0.11767727795371917
