,Top 25,Top 50,Top 100,Top 200
precision,0.48,0.42,0.43,0.345
recall,0.013348164627363738,0.02335928809788654,0.047830923248053395,0.07675194660734148
f1,0.025974025974025976,0.044257112750263436,0.08608608608608609,0.12556869881710644
ndcg,0.44541883235474045,0.4093116428417522,0.4200834777484734,0.35584017350408487
