,Top 25,Top 50,Top 100,Top 200
precision,0.0,0.0,0.0,0.01
recall,0.0,0.0,0.0,0.011049723756906077
f1,0.0,0.0,0.0,0.010498687664041995
ndcg,0.0,0.0,0.0,0.007914332740843934
