,Top 25,Top 50,Top 100,Top 200
precision,0.64,0.66,0.59,0.525
recall,0.00362400906002265,0.007474518686296716,0.013363533408833523,0.02378255945639864
f1,0.007207207207207207,0.014781634938409855,0.026135105204872645,0.04550379198266522
ndcg,0.5498912298999628,0.596345540364416,0.5667548603974211,0.5247952597072038
