,Top 25,Top 50,Top 100,Top 200
precision,0.6,0.54,0.52,0.47
recall,0.005064145847400405,0.00911546252532073,0.017555705604321403,0.03173531397704254
f1,0.01004352192835621,0.017928286852589643,0.03396472893533638,0.05945604048070841
ndcg,0.6363591189270865,0.5802856520787398,0.5492464003015861,0.5003684675553783
