,Top 25,Top 50,Top 100,Top 200
precision,0.32,0.3,0.3,0.27
recall,0.004434589800443459,0.008314855875831485,0.01662971175166297,0.02993348115299335
f1,0.008747949699289229,0.016181229773462785,0.031512605042016806,0.053892215568862284
ndcg,0.28338732976621284,0.2824985485477367,0.2881899093448749,0.2691734008923151
