,Top 25,Top 50,Top 100,Top 200
precision,0.12,0.08,0.09,0.085
recall,0.006109979633401222,0.008146639511201629,0.018329938900203666,0.034623217922606926
f1,0.011627906976744188,0.014787430683918667,0.030456852791878174,0.0492040520984081
ndcg,0.2020991135892455,0.14189121957851747,0.12449380644726414,0.10683563099359647
