,Top 25,Top 50,Top 100,Top 200
precision,0.08,0.04,0.04,0.03
recall,0.02564102564102564,0.02564102564102564,0.05128205128205128,0.07692307692307693
f1,0.038834951456310676,0.03125,0.04494382022471911,0.04316546762589928
ndcg,0.06312388702515279,0.03979836320077728,0.0454698842867442,0.0612433768222521
