,Top 50,Top 100,Top 200,Top N
precision,0.1,0.12,0.135,0.10344827586206896
recall,0.005030181086519115,0.012072434607645875,0.02716297786720322,0.006036217303822937
f1,0.009578544061302681,0.021937842778793418,0.04522613065326633,0.011406844106463877
ndcg,0.1598585937808129,0.15245362765056658,0.1520057994790107,0.15630186909775998
