,Top 25,Top 50,Top 100,Top 200
precision,0.04,0.04,0.03,0.02
recall,0.013513513513513514,0.02702702702702703,0.04054054054054054,0.05405405405405406
f1,0.0202020202020202,0.03225806451612903,0.034482758620689655,0.029197080291970802
ndcg,0.06148726205890399,0.05257541067321306,0.048281197581631664,0.05676701509895164
