,Top 25,Top 50,Top 100,Top 200
precision,0.0,0.02,0.01,0.005
recall,0.0,0.047619047619047616,0.047619047619047616,0.047619047619047616
f1,0.0,0.028169014084507043,0.01652892561983471,0.00904977375565611
ndcg,0.0,0.02530725456236532,0.02530725456236532,0.02530725456236532
