,Top 25,Top 50,Top 100,Top 200
precision,0.04,0.04,0.06,0.055
recall,0.0035714285714285713,0.007142857142857143,0.02142857142857143,0.039285714285714285
f1,0.006557377049180328,0.012121212121212121,0.03157894736842105,0.04583333333333334
ndcg,0.03701902046196388,0.0384555199756895,0.05515800629206507,0.05380928884032458
