,Top 25,Top 50,Top 100,Top 200
precision,0.32,0.4,0.3,0.295
recall,0.0072007200720072,0.018001800180018002,0.027002700270027002,0.05310531053105311
f1,0.01408450704225352,0.034453057708871665,0.049545829892650696,0.09000762776506484
ndcg,0.3432512112904705,0.39557387779267195,0.31993234904461815,0.3090003790381981
