,Top 25,Top 50,Top 100,Top 200
precision,0.0,0.0,0.0,0.005
recall,0.0,0.0,0.0,1.0
f1,0.0,0.0,0.0,0.009950248756218907
ndcg,0.0,0.0,0.0,0.08265831539991057
