,Top 25,Top 50,Top 100,Top 200
precision,0.28,0.36,0.36,0.31
recall,0.0063006300630063005,0.016201620162016202,0.032403240324032405,0.0558055805580558
f1,0.012323943661971832,0.031007751937984496,0.059454995871180846,0.09458428680396645
ndcg,0.27571207672044673,0.3336720094436672,0.3452461550248351,0.31121971093809425
