,Top 25,Top 50,Top 100,Top 200
precision,0.04,0.02,0.01,0.01
recall,0.016129032258064516,0.016129032258064516,0.016129032258064516,0.03225806451612903
f1,0.022988505747126436,0.017857142857142856,0.012345679012345678,0.015267175572519083
ndcg,0.03554760945563907,0.02241206520554069,0.017947531833936204,0.026968522557634298
