,Top 25,Top 50,Top 100,Top 200
precision,0.64,0.58,0.56,0.51
recall,0.004769001490312966,0.008643815201192251,0.01669150521609538,0.030402384500745158
f1,0.009467455621301775,0.017033773861967694,0.032416787264833574,0.05738396624472574
ndcg,0.558714680181728,0.5453978227316887,0.5447875972117574,0.5117846159160395
