,Top 50,Top 100,Top 200,Top N
precision,0.18,0.12,0.08,0.16666666666666666
recall,0.019693654266958426,0.0262582056892779,0.0350109409190372,0.019693654266958426
f1,0.03550295857988166,0.04308797127468582,0.0487062404870624,0.03522504892367906
ndcg,0.19405566080616268,0.14338878179772968,0.10198740323235074,0.18410992819695435
