,Top 25,Top 50,Top 100,Top 200
precision,0.12,0.06,0.06,0.06
recall,0.006564551422319475,0.006564551422319475,0.01312910284463895,0.0262582056892779
f1,0.012448132780082985,0.011834319526627219,0.02154398563734291,0.0365296803652968
ndcg,0.18895399712068436,0.11913176073347834,0.09700068606758458,0.08257585257592018
