,Top 25,Top 50,Top 100,Top 200
precision,0.4,0.4,0.26,0.22
recall,0.01669449081803005,0.0333889816360601,0.04340567612687813,0.07345575959933222
f1,0.03205128205128205,0.061633281972265024,0.07439198855507868,0.11013767209011263
ndcg,0.37667918073846135,0.3861553916567341,0.28307324331562783,0.2412387312335607
