,Top 25,Top 50,Top 100,Top 200
precision,0.12,0.12,0.14,0.105
recall,0.01020408163265306,0.02040816326530612,0.047619047619047616,0.07142857142857142
f1,0.018808777429467082,0.03488372093023256,0.07106598984771574,0.08502024291497975
ndcg,0.11522588432208423,0.11829086742137383,0.13329649088681708,0.1079816070101783
