,Top 25,Top 50,Top 100,Top 200
precision,0.08,0.06,0.05,0.04
recall,0.022988505747126436,0.034482758620689655,0.05747126436781609,0.09195402298850575
f1,0.03571428571428571,0.043795620437956206,0.053475935828877004,0.05574912891986062
ndcg,0.17593676889557897,0.1250424780713451,0.0966223197535885,0.11725569193050153
