,Top 25,Top 50,Top 100,Top 200
precision,0.4,0.32,0.3,0.26
recall,0.0038138825324180014,0.006102212051868803,0.011441647597254004,0.019832189168573607
f1,0.007555723460521345,0.011976047904191617,0.022042615723732548,0.0368532955350815
ndcg,0.5064036720128955,0.4070607898885037,0.3585960384080353,0.30369159573416477
