,Top 25,Top 50,Top 100,Top 200
precision,0.24,0.24,0.18,0.125
recall,0.020477815699658702,0.040955631399317405,0.06143344709897611,0.08532423208191127
f1,0.03773584905660378,0.06997084548104957,0.0916030534351145,0.10141987829614606
ndcg,0.2763570097543742,0.2608691036420466,0.2057037646946306,0.15151191639985395
