,Top 50,Top 100,Top 200,Top N
precision,0.52,0.51,0.48,0.5531914893617021
recall,0.01154016866400355,0.022636484687083888,0.0426098535286285,0.01154016866400355
f1,0.02257924446374294,0.04334891627709307,0.0782715042804729,0.022608695652173914
ndcg,0.5103669870397395,0.5063271195910247,0.48314803755346447,0.5323059260401407
