,Top 25,Top 50,Top 100,Top 200
precision,0.0,0.04,0.03,0.02
recall,0.0,0.02247191011235955,0.033707865168539325,0.0449438202247191
f1,0.0,0.02877697841726619,0.031746031746031744,0.02768166089965398
ndcg,0.0,0.02949417964399869,0.027291160083265282,0.03442318567093867
