,Top 50,Top 100,Top 200,Top N
precision,0.00928652321630804,0.01698754246885617,0.02536806342015855,0.05096262740656852
recall,0.82,0.75,0.56,0.4437869822485207
f1,0.018365061590145577,0.03322259136212624,0.048537378114842905,0.0914262494920764
ndcg,0.29270083360087107,0.3247908786643568,0.29162043291820544,0.3011906626154798
