,Top 50,Top 100,Top 200,Top N
precision,0.035058430717863104,0.045075125208681135,0.05175292153589316,0.03672787979966611
recall,0.42,0.27,0.155,0.4074074074074074
f1,0.06471494607087827,0.07725321888412018,0.07759699624530664,0.0673813169984686
ndcg,0.2234512374751987,0.17195668732894595,0.11865711145500211,0.2199150607297829
