,Top 50,Top 100,Top 200,Top N
precision,0.027808676307007785,0.03781979977753059,0.047830923248053395,0.028921023359288096
recall,0.5,0.34,0.215,0.48148148148148145
f1,0.052687038988408846,0.06806806806806806,0.07825295723384895,0.05456453305351522
ndcg,0.2426162945506379,0.20461155685466403,0.1582082297185097,0.2412777264564554
