,Top 50,Top 100,Top 200,Top N
precision,0.028380634390651086,0.045075125208681135,0.07512520868113523,0.03005008347245409
recall,0.34,0.27,0.225,0.3333333333333333
f1,0.05238828967642527,0.07725321888412018,0.11264080100125157,0.0551301684532925
ndcg,0.17158379966231746,0.16954436925858854,0.16750012660558886,0.17112666653988137
