,Top 50,Top 100,Top 200,Top N
precision,0.010801080108010801,0.027002700270027002,0.0558055805580558,0.012601260126012601
recall,0.24,0.3,0.31,0.24561403508771928
f1,0.020671834625323,0.049545829892650696,0.09458428680396645,0.023972602739726026
ndcg,0.10416956787201911,0.16142274510877566,0.20185531569291779,0.11052843503715408
