,Top 50,Top 100,Top 200,Top N
precision,0.016227180527383367,0.028397565922920892,0.0486815415821501,0.02434077079107505
recall,0.32,0.28,0.24,0.2727272727272727
f1,0.030888030888030885,0.05156537753222837,0.08094435075885328,0.0446927374301676
ndcg,0.1516032200425824,0.16195893496601932,0.16762964246997938,0.15365517547971858
