,Top 50,Top 100,Top 200,Top N
precision,0.0153015301530153,0.026102610261026102,0.046804680468046804,0.016201620162016202
recall,0.34,0.29,0.26,0.3157894736842105
f1,0.02928509905254091,0.04789430222956234,0.07932875667429443,0.03082191780821918
ndcg,0.14803025982903872,0.15949884314877405,0.17374459965672834,0.14313442999275064
