,Top 50,Top 100,Top 200,Top N
precision,"(0.012, 0.009797958971132711)","(0.006, 0.004898979485566356)","(0.003, 0.002449489742783178)","(0.005714285714285715, 0.004665694748158435)"
recall,"(0.032291021671826625, 0.026520710065524034)","(0.032291021671826625, 0.026520710065524034)","(0.032291021671826625, 0.026520710065524034)","(0.032291021671826625, 0.026520710065524034)"
f1,"(0.017481536417292422, 0.014279584281008497)","(0.010113481289951879, 0.008258772387283505)","(0.005487983808796888, 0.004481103035531443)","(0.009704494976203067, 0.007924702251793609)"
ndcg,"(0.01784956042700988, 0.015164631013382212)","(0.01784956042700988, 0.015164631013382212)","(0.01784956042700988, 0.015164631013382212)","(0.01784956042700988, 0.015164631013382212)"
