,Top 50,Top 100,Top 200,Top N
precision,"(0.02, 0.012649110640673518)","(0.018000000000000002, 0.0074833147735478825)","(0.01, 0.0031622776601683794)","(0.02, 0.012472191289246471)"
recall,"(0.08333333333333333, 0.05270462766947299)","(0.14999999999999997, 0.06236095644623236)","(0.16666666666666666, 0.05270462766947299)","(0.1, 0.06236095644623235)"
f1,"(0.03225806451612903, 0.020401791355925028)","(0.03214285714285714, 0.013363062095621216)","(0.018867924528301886, 0.0059665616229592055)","(0.03333333333333333, 0.020786985482077452)"
ndcg,"(0.07289821019364508, 0.05198697746564999)","(0.09868655649168362, 0.05771102417039278)","(0.10430586669381495, 0.051885202490658484)","(0.07972225100158342, 0.059873446908970916)"
