,Top 50,Top 100,Top 200,Top N
precision,"(0.008, 0.009797958971132711)","(0.008, 0.009797958971132711)","(0.004, 0.004898979485566356)","(0.007272727272727273, 0.008907235428302466)"
recall,"(0.021111111111111112, 0.025915341754868003)","(0.042222222222222223, 0.051830683509736006)","(0.042222222222222223, 0.051830683509736006)","(0.042222222222222223, 0.051830683509736006)"
f1,"(0.011596638655462186, 0.014205409485119624)","(0.013446327683615821, 0.01646928995344818)","(0.007306088407005838, 0.008948249780246333)","(0.012403846153846154, 0.01519230769230769)"
ndcg,"(0.02369497541377213, 0.029411310777016725)","(0.03272587473875156, 0.04038215462572156)","(0.03272587473875156, 0.04038215462572156)","(0.03272587473875156, 0.04038215462572156)"
