,Top 50,Top 100,Top 200,Top N
precision,"(0.016, 0.008)","(0.008, 0.004)","(0.004, 0.002)","(0.01818181818181818, 0.022268088570756166)"
recall,"(0.19, 0.09695359714832658)","(0.19, 0.09695359714832658)","(0.19, 0.09695359714832658)","(0.1, 0.12247448713915891)"
f1,"(0.029494949494949498, 0.014749780733876887)","(0.015347985347985349, 0.007674320501447111)","(0.007833572453371592, 0.003916830021319758)","(0.03076923076923077, 0.03768445758127967)"
ndcg,"(0.1378677659125463, 0.13500539632427747)","(0.1378677659125463, 0.13500539632427747)","(0.1378677659125463, 0.13500539632427747)","(0.1082799336439814, 0.15269629227442483)"
