,Top 50,Top 100,Top 200,Top N
precision,"(0.016, 0.014966629547095765)","(0.01, 0.006324555320336759)","(0.007999999999999998, 0.004)","(0.010256410256410256, 0.005128205128205128)"
recall,"(0.028888888888888888, 0.027557148500353)","(0.03534050179211469, 0.023518711976891125)","(0.057051868331067436, 0.03130119340050923)","(0.057051868331067436, 0.03130119340050923)"
f1,"(0.020584415584415584, 0.019388962332921394)","(0.01557917708906469, 0.00996214561866506)","(0.014028029744438706, 0.007100198140938714)","(0.017380698978359727, 0.008822540911572623)"
ndcg,"(0.023274309489470003, 0.021720087403590087)","(0.026969618853817802, 0.018824768110184097)","(0.03606696404883632, 0.02219209285858526)","(0.03606696404883632, 0.02219209285858526)"
