,Top 50,Top 100,Top 200,Top N
precision,"(0.028000000000000004, 0.020396078054371138)","(0.022, 0.017204650534085254)","(0.012, 0.007483314773547883)","(0.018803418803418803, 0.014704829516312183)"
recall,"(0.06737297789929368, 0.04798943710751986)","(0.10560492139439508, 0.08019914195496726)","(0.11736962727674802, 0.06708736027328807)","(0.10560492139439508, 0.08019914195496726)"
f1,"(0.03952847519902021, 0.028564201080905547)","(0.03639483160829702, 0.028298146389739317)","(0.02176164328954743, 0.013462970802500885)","(0.031907670794310845, 0.024826536548630027)"
ndcg,"(0.053162900508158695, 0.044759601494966356)","(0.06986886334910207, 0.058987247415896844)","(0.07356004105884222, 0.05493812653563632)","(0.06986886334910207, 0.058987247415896844)"
