,Top 50,Top 100,Top 200,Top N
precision,"(0.004, 0.008)","(0.006, 0.004898979485566356)","(0.003, 0.002449489742783178)","(0.0, 0.0)"
recall,"(0.03333333333333333, 0.06666666666666667)","(0.1, 0.0816496580927726)","(0.1, 0.0816496580927726)","(0.0, 0.0)"
f1,"(0.007142857142857143, 0.014285714285714285)","(0.011320754716981133, 0.00924335751993652)","(0.005825242718446601, 0.004756290762685782)","(0.0, 0.0)"
ndcg,"(0.0107232503211919, 0.0214465006423838)","(0.030305268013768462, 0.024830697340156038)","(0.030305268013768462, 0.024830697340156038)","(0.0, 0.0)"
