,Top 50,Top 100,Top 200,Top N
precision,"(0.008, 0.009797958971132711)","(0.004, 0.004898979485566356)","(0.002, 0.002449489742783178)","(0.0058823529411764705, 0.011764705882352941)"
recall,"(0.06190476190476191, 0.07619047619047618)","(0.06190476190476191, 0.07619047619047618)","(0.06190476190476191, 0.07619047619047618)","(0.02857142857142857, 0.05714285714285714)"
f1,"(0.014160401002506267, 0.017344010302552337)","(0.007511902662669723, 0.009200333246658603)","(0.0038741147225739873, 0.004744825318843531)","(0.00975609756097561, 0.01951219512195122)"
ndcg,"(0.02479461096913333, 0.03082504998481296)","(0.02479461096913333, 0.03082504998481296)","(0.02479461096913333, 0.03082504998481296)","(0.014071360647941433, 0.028142721295882862)"
