,Top 50,Top 100,Top 200,Top N
precision,"(0.016, 0.014966629547095765)","(0.016, 0.008)","(0.008, 0.004)","(0.01647058823529412, 0.011997692973159493)"
recall,"(0.08156288156288156, 0.06805874387131018)","(0.17075702075702073, 0.13172667988835454)","(0.17075702075702073, 0.13172667988835454)","(0.15409035409035407, 0.14620927542274142)"
f1,"(0.026495617575010975, 0.024088987136220773)","(0.029075575639647484, 0.015094878886389747)","(0.015231572317093083, 0.007766053496929177)","(0.029543695368989403, 0.022019616772622156)"
ndcg,"(0.0414900017801708, 0.042276960630406285)","(0.062131024797166215, 0.04327380525510097)","(0.062131024797166215, 0.04327380525510097)","(0.05725182550893304, 0.04833303229702948)"
