,Top 50,Top 100,Top 200,Top N
precision,0.0,0.007352941176470588,0.007352941176470588,0.007352941176470588
recall,0.0,0.01,0.005,0.011764705882352941
f1,0.0,0.00847457627118644,0.005952380952380954,0.009049773755656108
ndcg,0.0,0.006963933451368739,0.005428187377894676,0.00781876525642958
