,Top 50,Top 100,Top 200,Top N
precision,0.0055248618784530384,0.0055248618784530384,0.0055248618784530384,0.0055248618784530384
recall,0.02,0.01,0.005,0.009615384615384616
f1,0.008658008658008658,0.0071174377224199285,0.005249343832020997,0.007017543859649123
ndcg,0.011112211042282001,0.006844862723647688,0.004179161320796557,0.006654925759975109
