,Top 50,Top 100,Top 200,Top N
precision,0.0,0.0,0.005,0.0
recall,0.0,0.0,0.058823529411764705,0.0
f1,0.0,0.0,0.009216589861751152,0.0
ndcg,0.0,0.0,0.023149119237137993,0.0
