,Top 50,Top 100,Top 200,Top N
precision,0.024,0.04533333333333334,0.064,0.008
recall,0.18,0.17,0.12,0.11538461538461539
f1,0.04235294117647059,0.07157894736842106,0.08347826086956522,0.014962593516209476
ndcg,0.09179548388806724,0.10732888522263134,0.0922877127961645,0.04762672463582346
