,Top 50,Top 100,Top 200,Top N
precision,0.1,0.06,0.035,0.17391304347826086
recall,0.01607717041800643,0.01929260450160772,0.022508038585209004,0.012861736334405145
f1,0.027700831024930744,0.029197080291970805,0.027397260273972608,0.02395209580838323
ndcg,0.20630174160396075,0.13447067002384763,0.08470072805017442,0.3198812378270726
