,Top 50,Top 100,Top 200,Top N
precision,0.26,0.28,0.3,0.16761041902604756
recall,0.00760233918128655,0.016374269005847954,0.03508771929824561,0.08654970760233918
f1,0.014772727272727274,0.03093922651933702,0.06282722513089005,0.1141534901658311
ndcg,0.3185209013305518,0.31193090527496936,0.3166391673061048,0.18853533213751145
