,Top 50,Top 100,Top 200,Top N
precision,0.01012829169480081,0.019918973666441592,0.036799459824442944,0.019918973666441592
recall,0.6,0.59,0.545,0.5841584158415841
f1,0.0199203187250996,0.038536903984323974,0.068943706514864,0.03852432255958211
ndcg,0.24883230443410093,0.3024657039546327,0.32477371495523044,0.3003161622683327
