,Top 50,Top 100,Top 200,Top N
precision,1.0,1.0,1.0,0.0
recall,0.02,0.01,0.005,0.0
f1,0.0392156862745098,0.019801980198019802,0.009950248756218907,0.0
ndcg,1.0,1.0,1.0,0.0
