,Top 50,Top 100,Top 200,Top N
precision,0.011066398390342052,0.015090543259557344,0.022132796780684104,0.013078470824949699
recall,0.22,0.15,0.11,0.22413793103448276
f1,0.0210727969348659,0.027422303473491776,0.03685092127303183,0.024714828897338403
ndcg,0.09643368006451755,0.0826682889414257,0.07202513869079108,0.10240139221262945
