,Top 50,Top 100,Top 200,Top N
precision,0.6,0.59,0.545,0.5841584158415841
recall,0.01012829169480081,0.019918973666441592,0.036799459824442944,0.019918973666441592
f1,0.0199203187250996,0.038536903984323974,0.068943706514864,0.03852432255958211
ndcg,0.5896458414853676,0.58588730679725,0.5514009458087016,0.5817235646837849
