,Top 50,Top 100,Top 200,Top N
precision,0.015090989791389259,0.028406569019085663,0.043941411451398134,0.013759431868619618
recall,0.68,0.64,0.495,0.6595744680851063
f1,0.029526704298740776,0.05439864003399915,0.08071748878923767,0.02695652173913043
ndcg,0.2687580916182361,0.3135978900594851,0.29509450978408935,0.25483604081040373
