,Top 50,Top 100,Top 200,Top N
precision,0.16,0.13,0.15,0.15254237288135594
recall,0.027210884353741496,0.04421768707482993,0.10204081632653061,0.030612244897959183
f1,0.046511627906976744,0.06598984771573604,0.12145748987854249,0.050991501416430586
ndcg,0.21408613762542308,0.17090953336873696,0.16939489840718344,0.20297936529498528
