,Top 50,Top 100,Top 200,Top N
precision,0.24,0.16,0.095,0.0707070707070707
recall,0.024439918533604887,0.032586558044806514,0.038696537678207736,0.04276985743380855
f1,0.04436229205175601,0.05414551607445008,0.05499276410998553,0.053299492385786795
ndcg,0.3226466947171411,0.23011573206623112,0.15006167149118071,0.11647401879671761
