,Top 50,Top 100,Top 200,Top N
precision,0.09090909090909091,0.09090909090909091,0.09090909090909091,0.09090909090909091
recall,0.02,0.01,0.005,0.022727272727272728
f1,0.032786885245901634,0.018018018018018018,0.00947867298578199,0.03636363636363636
ndcg,0.13083036905940468,0.13083036905940468,0.13083036905940468,0.13083036905940468
