,Top 50,Top 100,Top 200,Top N
precision,0.08,0.06,0.05,0.045454545454545456
recall,0.012121212121212121,0.01818181818181818,0.030303030303030304,0.0030303030303030303
f1,0.021052631578947368,0.02790697674418604,0.03773584905660378,0.005681818181818183
ndcg,0.09528282338492906,0.0737160301985668,0.0600946560012047,0.08428605557054564
