,Top 50,Top 100,Top 200,Top N
precision,0.42,0.36,0.255,0.2398190045248869
recall,0.008009153318077803,0.013729977116704805,0.019450800915331808,0.02021357742181541
f1,0.0157185628742515,0.026451138868479055,0.03614457831325301,0.037284558564896236
ndcg,0.44128443565367603,0.3876936895744972,0.29307704444779537,0.2787742953652748
