,Top 50,Top 100,Top 200,Top N
precision,0.58,0.39,0.3,0.3284671532846715
recall,0.013757115749525617,0.018500948766603416,0.028462998102466792,0.021347248576850095
f1,0.02687673772011121,0.035326086956521736,0.05199306759098787,0.04008908685968819
ndcg,0.5914881807964635,0.4432233219094301,0.349605882648425,0.38576953762744876
