,Top 50,Top 100,Top 200,Top N
precision,0.04,0.02,0.025,0.02564102564102564
recall,0.02702702702702703,0.02702702702702703,0.06756756756756757,0.05405405405405406
f1,0.03225806451612903,0.022988505747126433,0.03649635036496351,0.034782608695652174
ndcg,0.03414680025013611,0.02509309856059505,0.04937466416077394,0.04189232229932661
