,Top 50,Top 100,Top 200,Top N
precision,0.012728719172633254,0.024661893396976928,0.030628480509148768,0.006762132060461416
recall,0.64,0.62,0.385,0.53125
f1,0.0249609984399376,0.047436878347360364,0.05674281503316138,0.01335428122545169
ndcg,0.24618794221166415,0.30500242488501456,0.2248774010197381,0.17915578705234783
