,Top 50,Top 100,Top 200,Top N
precision,0.013888888888888888,0.013888888888888888,0.013888888888888888,0.013888888888888888
recall,0.04,0.02,0.01,0.06666666666666667
f1,0.020618556701030927,0.01639344262295082,0.011627906976744186,0.022988505747126436
ndcg,0.025056728944702854,0.015434360387644277,0.01111528161433702,0.03527502412913061
