,Top 50,Top 100,Top 200,Top N
precision,0.22,0.15,0.11,0.22413793103448276
recall,0.011066398390342052,0.015090543259557344,0.022132796780684104,0.013078470824949699
f1,0.0210727969348659,0.027422303473491776,0.03685092127303183,0.024714828897338403
ndcg,0.24788601332055815,0.18413618105714663,0.1385900819948821,0.24815088566870191
