,Top 50,Top 100,Top 200,Top N
precision,0.013968775677896467,0.02629416598192276,0.042317173377156944,0.009038619556285949
recall,0.68,0.64,0.515,0.7333333333333333
f1,0.02737520128824477,0.050513022888713496,0.07820804859529233,0.017857142857142856
ndcg,0.25846325129499587,0.30645085777909864,0.2990678968625444,0.23357331232574027
