,Top 50,Top 100,Top 200,Top N
precision,0.08,0.05,0.035,0.011627906976744186
recall,0.0449438202247191,0.056179775280898875,0.07865168539325842,0.10112359550561797
f1,0.05755395683453238,0.05291005291005291,0.04844290657439447,0.02085747392815759
ndcg,0.08057046945726835,0.05848594594403312,0.07189700233945896,0.08302667358706199
