,Top 50,Top 100,Top 200,Top N
precision,0.96,0.75,0.585,0.4515828677839851
recall,0.009467455621301775,0.014792899408284023,0.023076923076923078,0.09566074950690336
f1,0.01875,0.029013539651837523,0.0444022770398482,0.15787760416666666
ndcg,0.9370453420674524,0.7880727357471484,0.6393742847780451,0.478032274048707
