,Top 50,Top 100,Top 200,Top N
precision,0.02,0.02,0.02,0.019230769230769232
recall,0.015873015873015872,0.031746031746031744,0.06349206349206349,0.047619047619047616
f1,0.017699115044247787,0.024539877300613498,0.030418250950570342,0.027397260273972605
ndcg,0.018251960930509407,0.02510208424055931,0.04227644648045688,0.034131682082395164
