,Top 50,Top 100,Top 200,Top N
precision,0.38,0.29,0.2,0.32941176470588235
recall,0.010532150776053215,0.01607538802660754,0.022172949002217297,0.015521064301552107
f1,0.020496224379719527,0.030462184873949583,0.03992015968063873,0.02964531498147168
ndcg,0.40162120717725086,0.3267353150746226,0.24029387631254326,0.3587540876756117
