,Top 50,Top 100,Top 200,Top N
precision,0.02,0.01,0.005,0.009615384615384616
recall,0.0055248618784530384,0.0055248618784530384,0.0055248618784530384,0.0055248618784530384
f1,0.008658008658008658,0.0071174377224199285,0.005249343832020997,0.007017543859649123
ndcg,0.01580084281487698,0.009732950496911842,0.005942496131207322,0.009462872463268854
