,Top 50,Top 100,Top 200,Top N
precision,0.02,0.02,0.01,0.012269938650306749
recall,0.047619047619047616,0.09523809523809523,0.09523809523809523,0.09523809523809523
f1,0.028169014084507043,0.03305785123966942,0.01809954751131222,0.021739130434782608
ndcg,0.02299988990992075,0.04417823502359507,0.04417823502359507,0.04417823502359507
