,Top 50,Top 100,Top 200,Top N
precision,0.16,0.17,0.135,0.14375
recall,0.011544011544011544,0.024531024531024532,0.03896103896103896,0.03318903318903319
f1,0.021534320323014805,0.042875157629255985,0.06047032474804031,0.05392731535756155
ndcg,0.18563785194164018,0.18592598338194644,0.15213903990282807,0.16142085578714788
