,Top 50,Top 100,Top 200,Top N
precision,0.01015228426395939,0.016243654822335026,0.02233502538071066,0.017258883248730966
recall,0.2,0.16,0.11,0.1619047619047619
f1,0.01932367149758454,0.02949308755760369,0.03713080168776372,0.031192660550458717
ndcg,0.12952206431342156,0.11007554447470069,0.08784552359438046,0.11168549268813589
