,Top 50,Top 100,Top 200,Top N
precision,0.003257328990228013,0.003257328990228013,0.009771986970684038,0.003257328990228013
recall,0.02,0.01,0.015,0.03333333333333333
f1,0.0056022408963585435,0.004914004914004915,0.011834319526627219,0.005934718100890208
ndcg,0.009733254660221732,0.005995457767137604,0.01226756148467134,0.013702538497822514
