,Top 50,Top 100,Top 200,Top N
precision,0.009131293188548864,0.019743336623889437,0.037018756169792694,0.08440276406712735
recall,0.74,0.8,0.75,0.48717948717948717
f1,0.018039980497318378,0.038535645472061654,0.07055503292568203,0.1438788388725284
ndcg,0.2816676284235386,0.3713668735276519,0.4139158189813495,0.3514533212817735
