,Top 50,Top 100,Top 200,Top N
precision,0.76,0.79,0.635,0.7927927927927928
recall,0.01395519647447668,0.029012118986412046,0.04663973558575101,0.032317297098788104
f1,0.027407140281283812,0.05596882748848742,0.08689702360588437,0.062103034580098804
ndcg,0.7945267929907803,0.8040237163005506,0.6774587350765897,0.8050359065095052
