,Top 50,Top 100,Top 200,Top N
precision,0.023479188900747065,0.04589114194236926,0.05549626467449306,0.025613660618996798
recall,0.44,0.43,0.26,0.46153846153846156
f1,0.044579533941236066,0.08293153326904533,0.0914687774846086,0.04853387259858443
ndcg,0.19098794148198694,0.2301579243127574,0.16480830394709678,0.20375926649152643
