,Top 50,Top 100,Top 200,Top N
precision,0.5,0.34,0.215,0.48148148148148145
recall,0.027808676307007785,0.03781979977753059,0.047830923248053395,0.028921023359288096
f1,0.052687038988408846,0.06806806806806806,0.07825295723384895,0.05456453305351522
ndcg,0.5223910892244155,0.3913715675471087,0.2720373629405062,0.5083410503489392
