,Top 50,Top 100,Top 200,Top N
precision,0.82,0.75,0.56,0.4437869822485207
recall,0.00928652321630804,0.01698754246885617,0.02536806342015855,0.05096262740656852
f1,0.018365061590145577,0.03322259136212624,0.048537378114842905,0.0914262494920764
ndcg,0.7795405010003164,0.7417206652622673,0.5925296957388495,0.47764080757027144
