,Top 50,Top 100,Top 200,Top N
precision,0.009467455621301775,0.014792899408284023,0.023076923076923078,0.09566074950690336
recall,0.96,0.75,0.585,0.4515828677839851
f1,0.01875,0.029013539651837523,0.0444022770398482,0.15787760416666666
ndcg,0.33420202436641255,0.32453125206997485,0.30626824455943236,0.33909188839502424
