,Top 50,Top 100,Top 200,Top N
precision,0.0,0.0,0.005,0.0
recall,0.0,0.0,0.06666666666666667,0.0
f1,0.0,0.0,0.009302325581395349,0.0
ndcg,0.0,0.0,0.022267680797829578,0.0
