,Top 50,Top 100,Top 200,Top N
precision,0.64,0.62,0.385,0.53125
recall,0.012728719172633254,0.024661893396976928,0.030628480509148768,0.006762132060461416
f1,0.0249609984399376,0.047436878347360364,0.05674281503316138,0.01335428122545169
ndcg,0.644208381541353,0.6282530093255606,0.4386675135214417,0.5787040139048576
