,Top 50,Top 100,Top 200,Top N
precision,0.017543859649122806,0.03508771929824561,0.0456140350877193,0.021052631578947368
recall,0.1,0.1,0.065,0.1
f1,0.029850746268656716,0.051948051948051945,0.05360824742268041,0.034782608695652174
ndcg,0.054716557514362885,0.06659548782713379,0.05227566223835091,0.0567465925374752
