,Top 50,Top 100,Top 200,Top N
precision,0.04,0.02,0.01,0.06666666666666667
recall,0.013888888888888888,0.013888888888888888,0.013888888888888888,0.013888888888888888
f1,0.020618556701030927,0.01639344262295082,0.011627906976744186,0.022988505747126436
ndcg,0.04969760893228448,0.030612567520599977,0.022046090695262692,0.0699646134224174
