,Top 50,Top 100,Top 200,Top N
precision,0.012121212121212121,0.01818181818181818,0.030303030303030304,0.0030303030303030303
recall,0.08,0.06,0.05,0.045454545454545456
f1,0.021052631578947368,0.02790697674418604,0.03773584905660378,0.005681818181818183
ndcg,0.046466077619754714,0.04897441676700135,0.04364258872681619,0.02062936018555016
