,Top 50,Top 100,Top 200,Top N
precision,0.68,0.64,0.495,0.6595744680851063
recall,0.015090989791389259,0.028406569019085663,0.043941411451398134,0.013759431868619618
f1,0.029526704298740776,0.05439864003399915,0.08071748878923767,0.02695652173913043
ndcg,0.6930489864178416,0.6565651040883518,0.534456421859826,0.6798542074958147
