,Top 50,Top 100,Top 200,Top N
precision,0.46,0.32,0.205,0.3522727272727273
recall,0.02332657200811359,0.032454361054766734,0.04158215010141988,0.03144016227180527
f1,0.0444015444015444,0.05893186003683241,0.06913996627318719,0.05772811918063314
ndcg,0.41385771935896754,0.32537000439419245,0.23196687162622726,0.3483937321532795
