,Top 50,Top 100,Top 200,Top N
precision,0.42,0.27,0.155,0.4074074074074074
recall,0.035058430717863104,0.045075125208681135,0.05175292153589316,0.03672787979966611
f1,0.06471494607087827,0.07725321888412018,0.07759699624530664,0.0673813169984686
ndcg,0.4610189523529443,0.3306614134750131,0.21502530960547553,0.45011435566886643
