,Top 50,Top 100,Top 200,Top N
precision,0.015873015873015872,0.031746031746031744,0.06349206349206349,0.047619047619047616
recall,0.02,0.02,0.02,0.019230769230769232
f1,0.017699115044247787,0.024539877300613498,0.030418250950570342,0.027397260273972605
ndcg,0.027617814335417826,0.033977415415832664,0.05710447860291942,0.04530522194417383
