,Top 50,Top 100,Top 200,Top N
precision,0.68,0.64,0.515,0.7333333333333333
recall,0.013968775677896467,0.02629416598192276,0.042317173377156944,0.009038619556285949
f1,0.02737520128824477,0.050513022888713496,0.07820804859529233,0.017857142857142856
ndcg,0.6521110022495257,0.63370621033103,0.5387822786711554,0.6720362045286432
