,Top 50,Top 100,Top 200,Top N
precision,0.24,0.2,0.13,0.1926605504587156
recall,0.040955631399317405,0.06825938566552901,0.08873720136518772,0.07167235494880546
f1,0.06997084548104957,0.10178117048346057,0.1054766734279919,0.1044776119402985
ndcg,0.26936668428255583,0.22985696008294534,0.1628182882230691,0.22275235406009783
