,Top 50,Top 100,Top 200,Top N
precision,0.0,0.011363636363636364,0.022727272727272728,0.011363636363636364
recall,0.0,0.01,0.01,0.018518518518518517
f1,0.0,0.010638297872340425,0.013888888888888888,0.014084507042253521
ndcg,0.0,0.008598030301809934,0.01685542794204006,0.013242976310857048
