,Top 50,Top 100,Top 200,Top N
precision,0.74,0.8,0.75,0.48717948717948717
recall,0.009131293188548864,0.019743336623889437,0.037018756169792694,0.08440276406712735
f1,0.018039980497318378,0.038535645472061654,0.07055503292568203,0.1438788388725284
ndcg,0.6309057110970048,0.7195632391146345,0.7119284387475283,0.5117904942187896
