,Top 50,Top 100,Top 200,Top N
precision,0.07228915662650602,0.08433734939759036,0.08433734939759036,0.07228915662650602
recall,0.12,0.07,0.035,0.1111111111111111
f1,0.09022556390977442,0.07650273224043716,0.04946996466431096,0.0875912408759124
ndcg,0.14636889684519333,0.10895565683374116,0.10895565683374116,0.13886720426750968
