,Top 50,Top 100,Top 200,Top N
precision,0.0,0.0,0.005,0.0
recall,0.0,0.0,0.08333333333333333,0.0
f1,0.0,0.0,0.009433962264150943,0.0
ndcg,0.0,0.0,0.022448838798723156,0.0
