,Top 50,Top 100,Top 200,Top N
precision,0.1,0.1,0.065,0.1
recall,0.017543859649122806,0.03508771929824561,0.0456140350877193,0.021052631578947368
f1,0.029850746268656716,0.051948051948051945,0.05360824742268041,0.034782608695652174
ndcg,0.10778548573496413,0.10556666145043796,0.07599119965645924,0.10678837410967834
