,Top 50,Top 100,Top 200,Top N
precision,0.2,0.16,0.11,0.1619047619047619
recall,0.01015228426395939,0.016243654822335026,0.02233502538071066,0.017258883248730966
f1,0.01932367149758454,0.02949308755760369,0.03713080168776372,0.031192660550458717
ndcg,0.21145627960599314,0.1767940848009013,0.13046263345330775,0.17756436017870686
