,Top 25,Top 50,Top 100,Top 200
precision,0.4,0.42,0.36,0.255
recall,0.0038138825324180014,0.008009153318077803,0.013729977116704805,0.019450800915331808
f1,0.007555723460521345,0.0157185628742515,0.026451138868479055,0.03614457831325301
ndcg,0.4432018600660836,0.4422186126235678,0.3885932028631593,0.29361798814695744
