,Top 50,Top 100,Top 200,Top N
precision,0.04,0.1,0.1,0.029411764705882353
recall,0.005115089514066497,0.02557544757033248,0.05115089514066496,0.0025575447570332483
f1,0.009070294784580499,0.04073319755600815,0.06768189509306262,0.004705882352941177
ndcg,0.03326570969244225,0.08150397010237045,0.08890434654194798,0.025122240907350993
