,Top 50,Top 100,Top 200,Top N
precision,0.01395519647447668,0.029012118986412046,0.047006977598237236,0.032317297098788104
recall,0.76,0.79,0.64,0.7927927927927928
f1,0.027407140281283812,0.05596882748848742,0.08758125213821416,0.062103034580098804
ndcg,0.288909407477281,0.368699170501044,0.3655189056017942,0.3802218436072846
