,Top 50,Top 100,Top 200,Top N
precision,0.0,0.01,0.01,0.009174311926605505
recall,0.0,0.013157894736842105,0.02631578947368421,0.013157894736842105
f1,0.0,0.011363636363636362,0.014492753623188406,0.01081081081081081
ndcg,0.0,0.009446932231268709,0.016891525182025947,0.009446932231268709
