,Top 50,Top 100,Top 200,Top N
precision,0.018867924528301886,0.05660377358490566,0.09433962264150944,0.018867924528301886
recall,0.04,0.06,0.05,0.08695652173913043
f1,0.025641025641025637,0.05825242718446602,0.06535947712418301,0.031007751937984496
ndcg,0.025329274433402618,0.04732760698697818,0.06811334478141824,0.042407026137648525
