,Top 50,Top 100,Top 200,Top N
precision,0.013513513513513514,0.013513513513513514,0.02702702702702703,0.013513513513513514
recall,0.02,0.01,0.01,0.03571428571428571
f1,0.016129032258064516,0.011494252873563216,0.014598540145985401,0.0196078431372549
ndcg,0.012566280302091807,0.009492599782467305,0.018895446716492962,0.018510471933839957
