,Top 50,Top 100,Top 200,Top N
precision,0.02,0.01,0.015,0.03333333333333333
recall,0.003257328990228013,0.003257328990228013,0.009771986970684038,0.003257328990228013
f1,0.0056022408963585435,0.004914004914004915,0.011834319526627219,0.005934718100890208
ndcg,0.027617814335417826,0.01701192923116973,0.018312685601338006,0.038880536610572586
