,Top 50,Top 100,Top 200,Top N
precision,0.00760233918128655,0.016374269005847954,0.03508771929824561,0.08654970760233918
recall,0.26,0.28,0.3,0.16761041902604756
f1,0.014772727272727274,0.03093922651933702,0.06282722513089005,0.1141534901658311
ndcg,0.10247485838110004,0.13742884341291836,0.18131373627701983,0.14175306187668485
